Year,Month,State,MWh
2001,1,AZ,0
2001,1,CA,6500
2001,1,TX,0
2001,1,VA,0
2001,2,AZ,0
2001,2,CA,12568
2001,2,TX,0
2001,2,VA,0
2001,3,AZ,0
2001,3,CA,31498
2001,3,TX,0
2001,3,VA,0
2001,4,AZ,37
2001,4,CA,38722
2001,4,TX,0
2001,4,VA,0
2001,5,AZ,43
2001,5,CA,81010
2001,5,TX,0
2001,5,VA,0
2001,6,AZ,57
2001,6,CA,91086
2001,6,TX,0
2001,6,VA,0
2001,7,AZ,73
2001,7,CA,91921
2001,7,TX,0
2001,7,VA,0
2001,8,AZ,73
2001,8,CA,85228
2001,8,TX,-2
2001,8,VA,0
2001,9,AZ,76
2001,9,CA,64730
2001,9,TX,-3
2001,9,VA,0
2001,10,AZ,54
2001,10,CA,20759
2001,10,TX,0
2001,10,VA,0
2001,11,AZ,38
2001,11,CA,14251
2001,11,TX,0
2001,11,VA,0
2001,12,AZ,38
2001,12,CA,3998
2001,12,TX,0
2001,12,VA,0
2002,1,AZ,37
2002,1,CA,11283
2002,1,VA,0
2002,2,AZ,44
2002,2,CA,23521
2002,2,VA,0
2002,3,AZ,44
2002,3,CA,44353
2002,3,VA,0
2002,4,AZ,48
2002,4,CA,45810
2002,4,VA,0
2002,5,AZ,51
2002,5,CA,57589
2002,5,VA,0
2002,6,AZ,53
2002,6,CA,95490
2002,6,VA,0
2002,7,AZ,31
2002,7,CA,85506
2002,7,VA,0
2002,8,AZ,45
2002,8,CA,74880
2002,8,VA,0
2002,9,AZ,39
2002,9,CA,52569
2002,9,VA,0
2002,10,AZ,32
2002,10,CA,30924
2002,10,VA,0
2002,11,AZ,23
2002,11,CA,28152
2002,11,VA,0
2002,12,AZ,12
2002,12,CA,4295
2002,12,VA,0
2003,1,AZ,24
2003,1,CA,13193
2003,2,AZ,23
2003,2,CA,17807
2003,3,AZ,40
2003,3,CA,49987
2003,4,AZ,46
2003,4,CA,60263
2003,5,AZ,49
2003,5,CA,67913
2003,6,AZ,53
2003,6,CA,90629
2003,7,AZ,25
2003,7,CA,62382
2003,8,AZ,43
2003,8,CA,61949
2003,9,AZ,23
2003,9,CA,55834
2003,10,AZ,32
2003,10,CA,35404
2003,11,AZ,24
2003,11,CA,14007
2003,12,AZ,13
2003,12,CA,4238
2004,1,AZ,302
2004,1,CA,12308
2004,2,AZ,388
2004,2,CA,10474
2004,3,AZ,416
2004,3,CA,52513
2004,4,AZ,474
2004,4,CA,56428
2004,5,AZ,747
2004,5,CA,81029
2004,6,AZ,0
2004,6,CA,87876
2004,7,AZ,460
2004,7,CA,81643
2004,8,AZ,0
2004,8,CA,72846
2004,9,AZ,546
2004,9,CA,60086
2004,10,AZ,402
2004,10,CA,33119
2004,11,AZ,302
2004,11,CA,15040
2004,12,AZ,230
2004,12,CA,7528
2005,1,AZ,551
2005,1,CA,8117
2005,2,AZ,602
2005,2,CA,12480
2005,3,AZ,1143
2005,3,CA,37014
2005,4,AZ,1381
2005,4,CA,56882
2005,5,AZ,1572
2005,5,CA,79580
2005,6,AZ,1560
2005,6,CA,86916
2005,7,AZ,1545
2005,7,CA,70784
2005,8,AZ,1328
2005,8,CA,74517
2005,9,AZ,1251
2005,9,CA,59857
2005,10,AZ,1065
2005,10,CA,36600
2005,11,AZ,887
2005,11,CA,11868
2005,12,AZ,695
2005,12,CA,2098
2006,1,AZ,739
2006,1,CA,12196
2006,2,AZ,879
2006,2,CA,18654
2006,3,AZ,1202
2006,3,CA,32202
2006,4,AZ,651
2006,4,CA,51423
2006,5,AZ,2106
2006,5,CA,68629
2006,6,AZ,2090
2006,6,CA,67612
2006,7,AZ,1714
2006,7,CA,59942
2006,8,AZ,2035
2006,8,CA,80958
2006,9,AZ,815
2006,9,CA,53175
2006,10,AZ,514
2006,10,CA,31769
2006,11,AZ,288
2006,11,CA,15398
2006,12,AZ,99
2006,12,CA,2614
2007,1,AZ,111
2007,1,CA,12731
2007,1,CO,0
2007,1,NV,0
2007,2,AZ,497
2007,2,CA,18747
2007,2,CO,0
2007,2,NV,0
2007,3,AZ,750
2007,3,CA,47738
2007,3,CO,0
2007,3,NV,0
2007,4,AZ,1181
2007,4,CA,53283
2007,4,CO,0
2007,4,NV,0
2007,5,AZ,1350
2007,5,CA,82842
2007,5,CO,0
2007,5,NV,0
2007,6,AZ,1372
2007,6,CA,81210
2007,6,CO,0
2007,6,NV,1876
2007,7,AZ,746
2007,7,CA,76220
2007,7,CO,0
2007,7,NV,8827
2007,8,AZ,790
2007,8,CA,64122
2007,8,CO,0
2007,8,NV,10251
2007,9,AZ,702
2007,9,CA,57325
2007,9,CO,0
2007,9,NV,10186
2007,10,AZ,533
2007,10,CA,41128
2007,10,CO,0
2007,10,NV,7572
2007,11,AZ,297
2007,11,CA,20044
2007,11,CO,0
2007,11,NV,3960
2007,12,AZ,320
2007,12,CA,1579
2007,12,CO,2208
2007,12,NV,1294
2008,1,AZ,1137
2008,1,CA,12272
2008,1,CO,348
2008,1,HI,0
2008,1,MA,1
2008,1,NC,0
2008,1,NJ,50
2008,1,NV,2477
2008,1,PA,3
2008,1,WA,0
2008,2,AZ,1217
2008,2,CA,27647
2008,2,CO,735
2008,2,HI,0
2008,2,MA,3
2008,2,NC,0
2008,2,NJ,110
2008,2,NV,6121
2008,2,PA,7
2008,2,WA,0
2008,3,AZ,1674
2008,3,CA,56122
2008,3,CO,1712
2008,3,HI,0
2008,3,MA,7
2008,3,NC,0
2008,3,NJ,230
2008,3,NV,14839
2008,3,PA,15
2008,3,WA,0
2008,4,AZ,1632
2008,4,CA,71402
2008,4,CO,2106
2008,4,HI,0
2008,4,MA,9
2008,4,NC,0
2008,4,NJ,291
2008,4,NV,18682
2008,4,PA,19
2008,4,WA,0
2008,5,AZ,1508
2008,5,CA,75906
2008,5,CO,2135
2008,5,HI,0
2008,5,MA,9
2008,5,NC,0
2008,5,NJ,304
2008,5,NV,18863
2008,5,PA,20
2008,5,WA,0
2008,6,AZ,272
2008,6,CA,100402
2008,6,CO,2625
2008,6,HI,0
2008,6,MA,12
2008,6,NC,0
2008,6,NJ,398
2008,6,NV,24428
2008,6,PA,26
2008,6,WA,0
2008,7,AZ,1254
2008,7,CA,89749
2008,7,CO,1932
2008,7,HI,0
2008,7,MA,10
2008,7,NC,0
2008,7,NJ,346
2008,7,NV,17565
2008,7,PA,23
2008,7,WA,0
2008,8,AZ,1351
2008,8,CA,85383
2008,8,CO,1815
2008,8,HI,0
2008,8,MA,10
2008,8,NC,0
2008,8,NJ,328
2008,8,NV,16373
2008,8,PA,22
2008,8,WA,0
2008,9,AZ,1116
2008,9,CA,72990
2008,9,CO,2055
2008,9,HI,0
2008,9,MA,9
2008,9,NC,0
2008,9,NJ,286
2008,9,NV,16123
2008,9,PA,19
2008,9,WA,0
2008,10,AZ,1074
2008,10,CA,45957
2008,10,CO,1488
2008,10,HI,0
2008,10,MA,6
2008,10,NC,0
2008,10,NJ,183
2008,10,NV,11523
2008,10,PA,12
2008,10,WA,0
2008,11,AZ,1279
2008,11,CA,21256
2008,11,CO,875
2008,11,HI,0
2008,11,MA,3
2008,11,NC,0
2008,11,NJ,87
2008,11,NV,5343
2008,11,PA,6
2008,11,WA,0
2008,12,AZ,1210
2008,12,CA,11395
2008,12,CO,527
2008,12,HI,18
2008,12,MA,1
2008,12,NC,1801
2008,12,NJ,57
2008,12,NV,3675
2008,12,PA,3
2008,12,WA,0
2009,1,AZ,1387
2009,1,CA,1896
2009,1,CO,539
2009,1,HI,9
2009,1,IL,0
2009,1,MA,0
2009,1,NC,30
2009,1,NJ,37
2009,1,NV,3268
2009,1,PA,23
2009,1,WA,0
2009,2,AZ,1227
2009,2,CA,21923
2009,2,CO,931
2009,2,HI,48
2009,2,IL,0
2009,2,MA,1
2009,2,NC,157
2009,2,NJ,264
2009,2,NV,5771
2009,2,PA,123
2009,2,WA,0
2009,3,AZ,1328
2009,3,CA,55483
2009,3,CO,2511
2009,3,HI,122
2009,3,IL,0
2009,3,MA,4
2009,3,NC,401
2009,3,NJ,673
2009,3,NV,17273
2009,3,PA,313
2009,3,WA,0
2009,4,AZ,1477
2009,4,CA,73053
2009,4,CO,2901
2009,4,HI,157
2009,4,IL,0
2009,4,MA,5
2009,4,NC,514
2009,4,NJ,864
2009,4,NV,20043
2009,4,PA,401
2009,4,WA,0
2009,5,AZ,1261
2009,5,CA,80290
2009,5,CO,3316
2009,5,HI,173
2009,5,IL,0
2009,5,MA,5
2009,5,NC,568
2009,5,NJ,1178
2009,5,NV,23189
2009,5,PA,444
2009,5,WA,0
2009,6,AZ,1216
2009,6,CA,80621
2009,6,CO,2463
2009,6,HI,166
2009,6,IL,0
2009,6,MA,5
2009,6,NC,544
2009,6,NJ,1127
2009,6,NV,16846
2009,6,PA,425
2009,6,WA,0
2009,7,AZ,954
2009,7,CA,94753
2009,7,CO,2865
2009,7,HI,191
2009,7,IL,0
2009,7,MA,6
2009,7,NC,628
2009,7,NJ,1302
2009,7,NV,19997
2009,7,PA,491
2009,7,WA,0
2009,8,AZ,1081
2009,8,CA,85778
2009,8,CO,3319
2009,8,HI,181
2009,8,IL,0
2009,8,MA,6
2009,8,NC,596
2009,8,NJ,1610
2009,8,NV,23257
2009,8,PA,465
2009,8,WA,0
2009,9,AZ,998
2009,9,CA,69448
2009,9,CO,2758
2009,9,HI,146
2009,9,IL,0
2009,9,MA,4
2009,9,NC,480
2009,9,NJ,1559
2009,9,NV,19226
2009,9,PA,375
2009,9,WA,0
2009,10,AZ,1203
2009,10,CA,46652
2009,10,CO,1872
2009,10,FL,3876
2009,10,HI,105
2009,10,IL,0
2009,10,MA,3
2009,10,NC,346
2009,10,NJ,1123
2009,10,NV,12650
2009,10,PA,270
2009,10,WA,0
2009,11,AZ,1086
2009,11,CA,25298
2009,11,CO,1292
2009,11,FL,3179
2009,11,HI,61
2009,11,IL,0
2009,11,MA,2
2009,11,NC,201
2009,11,NJ,653
2009,11,NV,8472
2009,11,PA,157
2009,11,WA,0
2009,12,AZ,927
2009,12,CA,12195
2009,12,CO,819
2009,12,FL,2415
2009,12,HI,30
2009,12,IL,16
2009,12,MA,1
2009,12,NC,97
2009,12,NJ,316
2009,12,NV,4317
2009,12,PA,76
2009,12,WA,0
2010,1,AZ,96.0
2010,1,CA,2152.0
2010,1,CO,437.0
2010,1,FL,3526.0
2010,1,HI,15.0
2010,1,IL,117.0
2010,1,MA,2.0
2010,1,NC,400.0
2010,1,NJ,164.0
2010,1,NV,2913.0
2010,1,OH,0.0
2010,1,PA,45.0
2010,1,TX,0.0
2010,1,WA,0.0
2010,2,AZ,1419.0
2010,2,CA,20378.0
2010,2,CO,907.0
2010,2,FL,3038.0
2010,2,HI,50.0
2010,2,IL,401.0
2010,2,MA,8.0
2010,2,NC,345.0
2010,2,NJ,563.0
2010,2,NV,5560.0
2010,2,OH,0.0
2010,2,PA,154.0
2010,2,TX,0.0
2010,2,WA,0.0
2010,3,AZ,1483.0
2010,3,CA,50549.0
2010,3,CO,2080.0
2010,3,FL,4665.0
2010,3,HI,116.0
2010,3,IL,927.0
2010,3,MA,18.0
2010,3,NC,528.0
2010,3,NJ,1301.0
2010,3,NV,13848.0
2010,3,OH,128.0
2010,3,PA,356.0
2010,3,TX,0.0
2010,3,WA,0.0
2010,4,AZ,2022.0
2010,4,CA,75179.0
2010,4,CO,2667.0
2010,4,FL,8376.0
2010,4,HI,169.0
2010,4,IL,1350.0
2010,4,MA,26.0
2010,4,NC,994.0
2010,4,NJ,1895.0
2010,4,NV,17732.0
2010,4,OH,1352.0
2010,4,PA,518.0
2010,4,TX,0.0
2010,4,WA,0.0
2010,5,AZ,1272.0
2010,5,CA,105767.0
2010,5,CO,3652.0
2010,5,FL,8632.0
2010,5,HI,233.0
2010,5,IL,1860.0
2010,5,MA,36.0
2010,5,NC,1210.0
2010,5,NJ,2610.0
2010,5,NV,25184.0
2010,5,OH,1860.0
2010,5,PA,856.0
2010,5,TX,0.0
2010,5,WA,0.0
2010,6,AZ,1545.0
2010,6,CA,121359.0
2010,6,CO,4581.0
2010,6,FL,8752.0
2010,6,HI,264.0
2010,6,IL,2108.0
2010,6,MA,163.0
2010,6,NC,1227.0
2010,6,NJ,3137.0
2010,6,NV,29839.0
2010,6,OH,2107.0
2010,6,PA,971.0
2010,6,TX,0.0
2010,6,WA,0.0
2010,7,AZ,1076.0
2010,7,CA,116888.0
2010,7,CO,3569.0
2010,7,FL,7623.0
2010,7,HI,244.0
2010,7,IL,1953.0
2010,7,MA,151.0
2010,7,NC,1069.0
2010,7,NJ,2907.0
2010,7,NV,23051.0
2010,7,OH,1950.0
2010,7,PA,899.0
2010,7,TX,0.0
2010,7,WA,0.0
2010,8,AZ,1177.0
2010,8,CA,104828.0
2010,8,CO,4404.0
2010,8,FL,7624.0
2010,8,HI,232.0
2010,8,IL,1856.0
2010,8,MA,144.0
2010,8,NC,1069.0
2010,8,NJ,2761.0
2010,8,NV,29191.0
2010,8,OH,1857.0
2010,8,PA,1250.0
2010,8,TX,0.0
2010,8,WA,0.0
2010,9,AZ,1182.0
2010,9,CA,86224.0
2010,9,CO,6858.0
2010,9,FL,7949.0
2010,9,HI,197.0
2010,9,IL,1572.0
2010,9,MA,122.0
2010,9,NC,1190.0
2010,9,NJ,2339.0
2010,9,NV,27315.0
2010,9,OH,1576.0
2010,9,PA,1059.0
2010,9,TX,0.0
2010,9,WA,0.0
2010,10,AZ,1569.0
2010,10,CA,38658.0
2010,10,CO,4543.0
2010,10,FL,7762.0
2010,10,HI,103.0
2010,10,IL,826.0
2010,10,MA,64.0
2010,10,NC,1266.0
2010,10,NJ,1383.0
2010,10,NM,1041.0
2010,10,NV,16692.0
2010,10,OH,830.0
2010,10,PA,698.0
2010,10,TX,0.0
2010,10,WA,0.0
2010,11,AZ,1496.0
2010,11,CA,33599.0
2010,11,CO,5191.0
2010,11,FL,6430.0
2010,11,HI,96.0
2010,11,IL,767.0
2010,11,MA,59.0
2010,11,NC,1050.0
2010,11,NJ,1286.0
2010,11,NM,3975.0
2010,11,NV,16062.0
2010,11,OH,774.0
2010,11,PA,651.0
2010,11,TX,5359.0
2010,11,WA,0.0
2010,12,AZ,1416.0
2010,12,CA,13751.0
2010,12,CO,3608.0
2010,12,FL,6064.0
2010,12,HI,51.0
2010,12,IL,408.0
2010,12,MA,135.0
2010,12,MD,80.0
2010,12,NC,991.0
2010,12,NJ,738.0
2010,12,NM,3914.0
2010,12,NV,9529.0
2010,12,OH,414.0
2010,12,PA,454.0
2010,12,TX,2849.0
2010,12,WA,0.0
2011,1,AZ,1900.55
2011,2,AZ,2027.3
2011,3,AZ,2745.25
2011,4,AZ,3487.71
2011,5,AZ,3336.26
2011,6,AZ,3199.34
2011,7,AZ,2503.74
2011,8,AZ,2902.21
2011,9,AZ,6260.7
2011,10,AZ,6775.89
2011,11,AZ,17000.95
2011,12,AZ,31208.89
2011,1,CA,576.87
2011,2,CA,34193.38
2011,3,CA,49473.16
2011,4,CA,82499.1
2011,5,CA,100476.77
2011,6,CA,129868.85
2011,7,CA,112272.39
2011,8,CA,138932.54
2011,9,CA,101568.11
2011,10,CA,81334.02
2011,11,CA,29298.43
2011,12,CA,28335.79
2011,1,CO,4739.07
2011,2,CO,5894.59
2011,3,CO,7948.36
2011,4,CO,10233.51
2011,5,CO,11262.57
2011,6,CO,12885.07
2011,7,CO,10009.3
2011,8,CO,11324.14
2011,9,CO,8600.87
2011,10,CO,8494.72
2011,11,CO,5728.03
2011,12,CO,7515.38
2011,3,DE,253.45
2011,4,DE,168.16
2011,5,DE,173.27
2011,6,DE,89.26
2011,7,DE,1293.65
2011,8,DE,1171.71
2011,9,DE,1806.79
2011,10,DE,1008.16
2011,11,DE,1470.36
2011,12,DE,845.0
2011,1,FL,9012.22
2011,2,FL,11729.03
2011,3,FL,19904.59
2011,4,FL,13197.77
2011,5,FL,13604.54
2011,6,FL,7211.46
2011,7,FL,8448.63
2011,8,FL,7639.79
2011,9,FL,11983.63
2011,10,FL,6552.69
2011,11,FL,9746.27
2011,12,FL,6695.39
2011,1,HI,77.04
2011,2,HI,190.82
2011,3,HI,269.52
2011,4,HI,366.3
2011,5,HI,429.44
2011,6,HI,500.36
2011,7,HI,425.74
2011,8,HI,445.88
2011,9,HI,331.69
2011,10,HI,273.81
2011,11,HI,152.54
2011,12,HI,129.86
2011,1,IL,301.52
2011,2,IL,746.81
2011,3,IL,1054.81
2011,4,IL,1433.6
2011,5,IL,1680.71
2011,6,IL,1958.25
2011,7,IL,1666.24
2011,8,IL,1745.05
2011,9,IL,1298.13
2011,10,IL,1071.63
2011,11,IL,597.01
2011,12,IL,508.24
2011,1,MA,96.12
2011,2,MA,238.06
2011,3,MA,336.24
2011,4,MA,456.98
2011,5,MA,535.75
2011,6,MA,624.22
2011,7,MA,531.14
2011,8,MA,556.26
2011,9,MA,413.8
2011,10,MA,341.6
2011,11,MA,190.3
2011,12,MA,444.01
2011,1,MD,156.86
2011,2,MD,203.97
2011,3,MD,345.84
2011,4,MD,229.45
2011,5,MD,236.44
2011,6,MD,121.8
2011,7,MD,144.71
2011,8,MD,131.07
2011,9,MD,400.03
2011,10,MD,223.21
2011,11,MD,325.55
2011,12,MD,187.09
2011,1,NC,2254.82
2011,2,NC,1266.42
2011,3,NC,2381.92
2011,4,NC,1582.02
2011,5,NC,1788.37
2011,6,NC,922.75
2011,7,NC,1095.95
2011,8,NC,1084.38
2011,9,NC,1669.51
2011,10,NC,985.32
2011,11,NC,1434.66
2011,12,NC,914.34
2011,1,NJ,1020.27
2011,2,NJ,2527.06
2011,3,NJ,4181.47
2011,4,NJ,6114.39
2011,5,NJ,7457.33
2011,6,NJ,9078.05
2011,7,NJ,7724.32
2011,8,NJ,8089.7
2011,9,NJ,6158.02
2011,10,NJ,6642.29
2011,11,NJ,4245.94
2011,12,NJ,5638.79
2011,1,NM,4911.55
2011,2,NM,5156.97
2011,3,NM,6496.02
2011,4,NM,7024.68
2011,5,NM,7827.41
2011,6,NM,8130.47
2011,7,NM,8453.57
2011,8,NM,13315.23
2011,9,NM,14988.78
2011,10,NM,16884.39
2011,11,NM,15348.82
2011,12,NM,19264.12
2011,1,NV,13367.28
2011,2,NV,17763.11
2011,3,NV,22177.86
2011,4,NV,30774.51
2011,5,NV,33910.3
2011,6,NV,38660.34
2011,7,NV,28288.84
2011,8,NV,33188.11
2011,9,NV,23809.14
2011,10,NV,22918.76
2011,11,NV,14134.58
2011,12,NV,12231.68
2011,11,NY,3435.0
2011,12,NY,3008.0
2011,1,OH,330.29
2011,2,OH,818.08
2011,3,OH,1155.47
2011,4,OH,1570.42
2011,5,OH,1841.1
2011,6,OH,2145.14
2011,7,OH,1825.25
2011,8,OH,1911.59
2011,9,OH,1422.02
2011,10,OH,1173.9
2011,11,OH,653.98
2011,12,OH,647.74
2011,10,OR,53.17
2011,11,OR,18.9
2011,12,OR,17.93
2011,1,PA,392.03
2011,2,PA,970.98
2011,3,PA,1371.44
2011,4,PA,1863.93
2011,5,PA,2310.08
2011,6,PA,2952.82
2011,7,PA,2640.25
2011,8,PA,2765.14
2011,9,PA,2056.97
2011,10,PA,1698.07
2011,11,PA,2226.71
2011,12,PA,1895.62
2011,1,TX,614.08
2011,2,TX,1520.97
2011,3,TX,2148.25
2011,4,TX,2919.71
2011,5,TX,3422.97
2011,6,TX,3988.23
2011,7,TX,3393.5
2011,8,TX,3554.02
2011,9,TX,2643.81
2011,10,TX,2182.51
2011,11,TX,1215.88
2011,12,TX,1035.09
2011,5,VT,289.83
2011,6,VT,337.69
2011,7,VT,287.33
2011,8,VT,300.92
2011,9,VT,223.85
2011,10,VT,184.8
2011,11,VT,102.95
2011,12,VT,87.64
2011,1,WA,31.0
2011,2,WA,51.0
2011,3,WA,56.0
2011,4,WA,84.0
2011,5,WA,86.0
2011,6,WA,99.0
2011,7,WA,97.0
2011,8,WA,105.0
2011,9,WA,84.0
2011,10,WA,61.0
2011,11,WA,43.0
2011,12,WA,43.0
2012,1,AZ,11471.0
2012,1,CA,3714.87
2012,1,CO,2254.5
2012,1,DE,1434.85
2012,1,FL,12460.81
2012,1,GA,85.07
2012,1,HI,86.23
2012,1,IL,598.07
2012,1,IN,0.04
2012,1,MA,322.54
2012,1,MD,420.84
2012,1,MN,0.0
2012,1,NC,2419.83
2012,1,NJ,16999.67
2012,1,NM,20897.46
2012,1,NV,11774.5
2012,1,NY,3427.0
2012,1,OH,614.69
2012,1,OR,17.36
2012,1,PA,1940.46
2012,1,TN,60.43
2012,1,TX,4223.56
2012,1,US-Total,95319.86
2012,1,VT,66.09
2012,1,WA,30.0
2012,2,AZ,13692.72
2012,2,CA,35976.47
2012,2,CO,2735.31
2012,2,DE,1034.17
2012,2,FL,8976.36
2012,2,GA,61.32
2012,2,HI,130.86
2012,2,IL,907.63
2012,2,IN,0.06
2012,2,MA,489.49
2012,2,MD,371.1
2012,2,MN,0.0
2012,2,NC,1967.72
2012,2,NJ,20579.87
2012,2,NM,21196.79
2012,2,NV,15220.1
2012,2,NY,4006.0
2012,2,OH,1116.4
2012,2,OR,170.43
2012,2,PA,2312.34
2012,2,TN,87.41
2012,2,TX,4056.5
2012,2,US-Total,135240.34
2012,2,VT,100.31
2012,2,WA,51.0
2012,3,AZ,17866.19
2012,3,CA,87847.59
2012,3,CO,3762.07
2012,3,DE,2376.03
2012,3,FL,20654.8
2012,3,GA,140.87
2012,3,HI,239.46
2012,3,IL,1660.86
2012,3,IN,0.11
2012,3,MA,999.69
2012,3,MD,852.61
2012,3,MN,0.0
2012,3,NC,4257.03
2012,3,NJ,25719.39
2012,3,NM,26687.35
2012,3,NV,21904.57
2012,3,NY,4810.0
2012,3,OH,2020.08
2012,3,OR,417.33
2012,3,PA,2840.99
2012,3,TN,149.08
2012,3,TX,5779.77
2012,3,US-Total,231228.39
2012,3,VT,183.55
2012,3,WA,59.0
2012,4,AZ,27881.44
2012,4,CA,128450.68
2012,4,CO,11487.71
2012,4,DE,2675.5
2012,4,FL,23263.28
2012,4,GA,158.63
2012,4,HI,345.27
2012,4,IL,2394.8
2012,4,IN,0.16
2012,4,MA,1755.16
2012,4,MD,960.07
2012,4,MN,0.0
2012,4,NC,5529.81
2012,4,NJ,31768.66
2012,4,NM,24951.24
2012,4,NV,34197.56
2012,4,NY,5910.0
2012,4,OH,2860.9
2012,4,OR,603.79
2012,4,PA,3475.46
2012,4,TN,989.36
2012,4,TX,8719.2
2012,4,US-Total,318723.31
2012,4,VT,264.66
2012,4,WA,80.0
2012,5,AZ,94423.37
2012,5,CA,176274.2
2012,5,CO,18703.11
2012,5,DE,2409.63
2012,5,FL,20554.22
2012,5,GA,142.86
2012,5,HI,522.99
2012,5,IL,3627.46
2012,5,IN,0.24
2012,5,MA,2658.58
2012,5,MD,864.67
2012,5,MN,0.0
2012,5,NC,5864.88
2012,5,NJ,27318.27
2012,5,NM,31814.52
2012,5,NV,50081.49
2012,5,NY,4692.0
2012,5,OH,4259.9
2012,5,OR,829.77
2012,5,PA,2912.36
2012,5,TN,1316.4
2012,5,TX,12641.19
2012,5,US-Total,462596.84
2012,5,UT,196.87
2012,5,VT,400.88
2012,5,WA,87.0
2012,6,AZ,106515.64
2012,6,CA,219431.08
2012,6,CO,20382.93
2012,6,DE,2086.89
2012,6,FL,18141.11
2012,6,GA,391.34
2012,6,HI,558.53
2012,6,IL,3873.92
2012,6,IN,0.25
2012,6,MA,3575.25
2012,6,MD,748.85
2012,6,MN,0.0
2012,6,NC,6266.28
2012,6,NJ,32853.9
2012,6,NM,30659.65
2012,6,NV,51299.65
2012,6,NY,5610.0
2012,6,OH,4543.57
2012,6,OR,896.78
2012,6,PA,3429.56
2012,6,TN,1391.59
2012,6,TX,13685.1
2012,6,US-Total,527067.64
2012,6,UT,212.64
2012,6,VT,428.12
2012,6,WA,85.0
2012,7,AZ,110311.64
2012,7,CA,190884.39
2012,7,CO,18894.63
2012,7,DE,2530.92
2012,7,FL,22004.94
2012,7,GA,395.52
2012,7,HI,525.01
2012,7,IL,3641.43
2012,7,IN,0.24
2012,7,MA,4093.97
2012,7,MD,3986.63
2012,7,MN,0.0
2012,7,NC,9165.51
2012,7,NJ,31872.63
2012,7,NM,32286.14
2012,7,NV,50803.22
2012,7,NY,5348.0
2012,7,OH,4258.09
2012,7,OR,775.7
2012,7,PA,3324.53
2012,7,TN,1276.39
2012,7,TX,12417.62
2012,7,US-Total,509510.28
2012,7,UT,206.71
2012,7,VT,402.43
2012,7,WA,104.0
2012,8,AZ,118547.23
2012,8,CA,151928.56
2012,8,CO,18060.19
2012,8,DE,1910.67
2012,8,FL,16768.35
2012,8,GA,330.25
2012,8,HI,478.94
2012,8,IL,3321.94
2012,8,IN,0.22
2012,8,MA,3734.78
2012,8,MD,3166.48
2012,8,MN,0.0
2012,8,NC,7182.14
2012,8,NJ,31329.62
2012,8,NM,26924.19
2012,8,NV,49556.09
2012,8,NY,5410.0
2012,8,OH,3869.9
2012,8,OR,611.44
2012,8,PA,3263.45
2012,8,TN,1128.24
2012,8,TX,12819.55
2012,8,US-Total,461410.88
2012,8,UT,210.99
2012,8,VT,757.66
2012,8,WA,100.0
2012,9,AZ,119320.25
2012,9,CA,147719.52
2012,9,CO,19157.41
2012,9,DE,1658.05
2012,9,FL,14548.89
2012,9,GA,370.28
2012,9,HI,475.28
2012,9,IL,3296.55
2012,9,IN,0.22
2012,9,MA,3706.24
2012,9,MD,2747.82
2012,9,MN,0.0
2012,9,NC,8658.35
2012,9,NJ,27814.77
2012,9,NM,27491.4
2012,9,NV,55885.53
2012,9,NY,4653.0
2012,9,OH,3997.98
2012,9,OR,572.45
2012,9,PA,2943.1
2012,9,TN,1074.64
2012,9,TX,10965.98
2012,9,US-Total,458102.65
2012,9,UT,221.65
2012,9,VT,736.3
2012,9,WA,87.0
2012,10,AZ,125321.61
2012,10,CA,114965.03
2012,10,CO,20189.22
2012,10,DE,1741.28
2012,10,FL,15277.47
2012,10,GA,354.92
2012,10,HI,443.93
2012,10,IL,3079.12
2012,10,IN,0.2
2012,10,MA,3461.78
2012,10,MD,2885.75
2012,10,MN,0.0
2012,10,NC,17233.15
2012,10,NJ,20990.23
2012,10,NM,29702.65
2012,10,NV,54275.4
2012,10,NY,3390.0
2012,10,OH,3713.42
2012,10,OR,804.75
2012,10,PA,2175.99
2012,10,TN,952.1
2012,10,TX,9513.89
2012,10,US-Total,431426.98
2012,10,UT,224.23
2012,10,VT,669.86
2012,10,WA,61.0
2012,11,AZ,104007.26
2012,11,CA,71888.46
2012,11,CO,16338.16
2012,11,DE,1236.6
2012,11,FL,10843.46
2012,11,GA,263.3
2012,11,HI,327.78
2012,11,IL,2273.48
2012,11,IN,0.15
2012,11,MA,2556.02
2012,11,MD,2826.38
2012,11,MN,0.0
2012,11,NC,23226.02
2012,11,NJ,22362.45
2012,11,NM,24920.88
2012,11,NV,44109.53
2012,11,NY,3356.0
2012,11,OH,2887.09
2012,11,OR,411.48
2012,11,PA,2077.28
2012,11,TN,2090.86
2012,11,TX,8556.49
2012,11,US-Total,347275.95
2012,11,UT,184.27
2012,11,VT,505.54
2012,11,WA,27.0
2012,12,AZ,106084.97
2012,12,CA,53219.01
2012,12,CO,13483.78
2012,12,DE,1464.4
2012,12,FL,10122.3
2012,12,GA,226.33
2012,12,HI,473.72
2012,12,IL,1981.76
2012,12,IN,169.06
2012,12,MA,2260.72
2012,12,MD,2642.22
2012,12,MN,0.0
2012,12,NC,47720.04
2012,12,NJ,14716.6
2012,12,NM,36264.72
2012,12,NV,34308.9
2012,12,NY,2101.0
2012,12,OH,2494.53
2012,12,OR,300.71
2012,12,PA,1451.14
2012,12,TN,1666.73
2012,12,TX,14886.14
2012,12,US-Total,348772.12
2012,12,UT,161.64
2012,12,VT,548.72
2012,12,WA,23.0
2013,1,AZ,91628.49
2013,1,CA,64635.97
2013,1,CO,14627.24
2013,1,DE,2038.01
2013,1,FL,10978.97
2013,1,GA,209.61
2013,1,HI,658.59
2013,1,IL,1763.37
2013,1,IN,317.39
2013,1,MA,2836.15
2013,1,MD,2228.75
2013,1,MN,91.55
2013,1,NC,10329.8
2013,1,NJ,21969.56
2013,1,NM,24877.54
2013,1,NV,42362.71
2013,1,NY,3653.23
2013,1,OH,1629.78
2013,1,OR,370.71
2013,1,PA,3423.51
2013,1,TN,689.99
2013,1,TX,7891.89
2013,1,US-Total,309823.86
2013,1,UT,103.46
2013,1,VT,463.61
2013,1,WA,44.0
2013,2,AZ,114721.46
2013,2,CA,130177.71
2013,2,CO,16725.02
2013,2,DE,2809.8
2013,2,FL,15152.72
2013,2,GA,288.99
2013,2,HI,956.22
2013,2,IL,2560.26
2013,2,IN,460.82
2013,2,MA,4463.63
2013,2,MD,3513.39
2013,2,MN,132.93
2013,2,NC,17305.37
2013,2,NJ,22618.86
2013,2,NM,26862.5
2013,2,NV,51496.83
2013,2,NY,3761.66
2013,2,OH,2353.2
2013,2,OR,759.24
2013,2,PA,3539.1
2013,2,TN,1001.8
2013,2,TX,10126.86
2013,2,US-Total,432642.62
2013,2,UT,127.14
2013,2,VT,673.13
2013,2,WA,54.0
2013,3,AZ,139816.69
2013,3,CA,228316.16
2013,3,CO,20748.06
2013,3,DE,3633.05
2013,3,FL,19595.39
2013,3,GA,373.67
2013,3,HI,1340.54
2013,3,IL,3589.29
2013,3,IN,825.13
2013,3,MA,6759.78
2013,3,MD,4542.78
2013,3,MN,186.35
2013,3,NC,23905.5
2013,3,NJ,35245.89
2013,3,NM,34032.12
2013,3,NV,63155.9
2013,3,NY,5739.23
2013,3,OH,3270.75
2013,3,OR,1292.76
2013,3,PA,5390.49
2013,3,TN,1404.45
2013,3,TX,15074.71
2013,3,US-Total,619399.01
2013,3,UT,152.66
2013,3,VT,943.67
2013,3,WA,64.0
2013,4,AZ,159315.12
2013,4,CA,239255.36
2013,4,CO,20146.63
2013,4,DE,3117.38
2013,4,FL,16813.05
2013,4,GA,320.63
2013,4,HI,1447.33
2013,4,IL,3875.22
2013,4,IN,890.87
2013,4,MA,7282.48
2013,4,MD,3897.98
2013,4,MN,201.2
2013,4,NC,20738.87
2013,4,NJ,48806.96
2013,4,NM,32651.27
2013,4,NV,72939.79
2013,4,NY,7773.64
2013,4,OH,3526.56
2013,4,OR,1363.12
2013,4,PA,7309.62
2013,4,TN,1516.33
2013,4,TX,12278.38
2013,4,US-Total,666738.79
2013,4,UT,172.16
2013,4,VT,1018.85
2013,4,WA,80.0
2013,5,AZ,180304.39
2013,5,CA,267356.38
2013,5,CO,24829.62
2013,5,DE,4582.99
2013,5,FL,24730.35
2013,5,GA,471.37
2013,5,HI,1639.09
2013,5,IL,4388.66
2013,5,IN,1008.9
2013,5,MA,8214.53
2013,5,MD,5730.59
2013,5,MN,227.85
2013,5,NC,31851.27
2013,5,NJ,44274.6
2013,5,NM,36823.88
2013,5,NV,79040.59
2013,5,NY,6963.67
2013,5,OH,3979.21
2013,5,OR,1533.81
2013,5,PA,6588.16
2013,5,RI,187.44
2013,5,TN,1717.24
2013,5,TX,14858.25
2013,5,US-Total,752706.49
2013,5,UT,192.85
2013,5,VT,1153.83
2013,5,WA,57.0
2013,6,AZ,199431.47
2013,6,CA,355785.46
2013,6,CO,25330.12
2013,6,DE,4627.36
2013,6,FL,24970.97
2013,6,GA,475.93
2013,6,HI,1892.76
2013,6,IL,5067.85
2013,6,IN,1165.04
2013,6,MA,9571.54
2013,6,MD,5786.06
2013,6,MN,263.12
2013,6,NC,33836.21
2013,6,NJ,45640.25
2013,6,NM,35900.6
2013,6,NV,80281.45
2013,6,NY,7172.25
2013,6,OH,4538.09
2013,6,OR,1954.51
2013,6,PA,6796.19
2013,6,RI,216.45
2013,6,TN,1982.99
2013,6,TX,16407.91
2013,6,US-Total,870685.02
2013,6,UT,206.05
2013,6,VT,1332.4
2013,6,WA,52.0
2013,7,AZ,193730.76
2013,7,CA,344616.75
2013,7,CO,24197.48
2013,7,DE,4317.27
2013,7,FL,23301.06
2013,7,GA,444.04
2013,7,HI,1761.89
2013,7,IL,4717.45
2013,7,IN,1084.48
2013,7,MA,9322.7
2013,7,MD,5398.32
2013,7,MN,244.92
2013,7,NC,33915.08
2013,7,NJ,44007.93
2013,7,NM,35169.93
2013,7,NV,62401.05
2013,7,NY,6869.38
2013,7,OH,4220.5
2013,7,OR,1844.47
2013,7,PA,6538.72
2013,7,RI,201.49
2013,7,TN,1845.89
2013,7,TX,17162.44
2013,7,US-Total,828847.27
2013,7,UT,187.99
2013,7,VT,1240.28
2013,7,WA,105.0
2013,8,AZ,189527.49
2013,8,CA,471246.48
2013,8,CO,24237.9
2013,8,DE,4371.26
2013,8,FL,21162.13
2013,8,GA,403.44
2013,8,HI,2043.8
2013,8,IL,5472.27
2013,8,IN,1258.01
2013,8,MA,11170.32
2013,8,MD,4904.79
2013,8,MN,284.11
2013,8,NC,31695.13
2013,8,NJ,38366.02
2013,8,NM,34577.71
2013,8,NV,62454.94
2013,8,NY,6027.09
2013,8,OH,4884.18
2013,8,OR,2481.86
2013,8,PA,5729.93
2013,8,RI,233.72
2013,8,TN,2141.24
2013,8,TX,17706.66
2013,8,US-Total,944091.74
2013,8,UT,185.53
2013,8,VT,1438.73
2013,8,WA,87.0
2013,9,AZ,201620.36
2013,9,CA,459753.45
2013,9,CO,22414.93
2013,9,DE,4566.47
2013,9,FL,17217.42
2013,9,GA,421.46
2013,9,HI,2036.59
2013,9,IL,5452.95
2013,9,IN,1253.57
2013,9,MA,11091.03
2013,9,MD,9081.81
2013,9,MN,283.11
2013,9,NC,35528.28
2013,9,NJ,42944.02
2013,9,NM,33087.25
2013,9,NV,62074.0
2013,9,NY,6541.48
2013,9,OH,4849.23
2013,9,OR,2412.43
2013,9,PA,6257.66
2013,9,RI,232.9
2013,9,TN,2133.68
2013,9,TX,14882.95
2013,9,US-Total,948778.66
2013,9,UT,191.63
2013,9,VT,2380.01
2013,9,WA,70.0
2013,10,AZ,274208.21
2013,10,CA,408142.7
2013,10,CO,23255.21
2013,10,DE,4641.9
2013,10,FL,19093.9
2013,10,GA,428.42
2013,10,HI,2144.65
2013,10,IL,5742.29
2013,10,IN,1320.08
2013,10,MA,12745.47
2013,10,MD,7942.46
2013,10,MN,298.13
2013,10,NC,40423.55
2013,10,NJ,40971.34
2013,10,NM,37678.7
2013,10,NV,71700.87
2013,10,NY,5541.93
2013,10,OH,4997.81
2013,10,OR,2135.88
2013,10,PA,5064.69
2013,10,RI,245.26
2013,10,TN,2246.9
2013,10,TX,13732.26
2013,10,US-Total,987533.41
2013,10,UT,250.53
2013,10,VT,2506.3
2013,10,WA,74.0
2013,11,AZ,184792.01
2013,11,CA,409233.07
2013,11,CO,15963.93
2013,11,DE,2976.01
2013,11,FL,7885.83
2013,11,GA,4677.9
2013,11,HI,1762.62
2013,11,IL,4719.4
2013,11,IN,9934.54
2013,11,MA,10450.67
2013,11,MD,5685.25
2013,11,MN,245.03
2013,11,NC,30437.64
2013,11,NJ,30819.15
2013,11,NM,28344.95
2013,11,NV,48984.94
2013,11,NY,4107.72
2013,11,OH,4039.06
2013,11,OR,2125.89
2013,11,PA,3791.98
2013,11,RI,201.57
2013,11,TN,1846.65
2013,11,TX,9057.97
2013,11,US-Total,824352.18
2013,11,UT,167.57
2013,11,VT,2059.84
2013,11,WA,41.0
2013,12,AZ,182342.21
2013,12,CA,435205.31
2013,12,CO,15976.33
2013,12,CT,0.0
2013,12,DE,3045.51
2013,12,FL,9000.2
2013,12,GA,5981.85
2013,12,HI,1781.89
2013,12,IL,4771.01
2013,12,IN,11021.18
2013,12,MA,12548.72
2013,12,MD,4773.22
2013,12,MN,247.7
2013,12,NC,34696.09
2013,12,NJ,21744.21
2013,12,NM,28034.75
2013,12,NV,48488.94
2013,12,NY,2865.89
2013,12,OH,4021.17
2013,12,OR,2218.34
2013,12,PA,2675.75
2013,12,RI,487.77
2013,12,SC,115.0
2013,12,TN,1866.84
2013,12,TX,13832.65
2013,12,US-Total,850021.34
2013,12,UT,162.42
2013,12,VT,2082.37
2013,12,WA,34.0
2014,1,AZ,185578.77
2014,1,CA,388107.97
2014,1,CO,15613.49
2014,1,CT,632.71
2014,1,DE,2803.73
2014,1,FL,10503.03
2014,1,GA,7968.55
2014,1,HI,1675.47
2014,1,IL,2690.0
2014,1,IN,5853.03
2014,1,MA,14693.58
2014,1,MD,5351.51
2014,1,MN,215.12
2014,1,NC,38680.99
2014,1,NJ,29323.31
2014,1,NM,25934.45
2014,1,NV,51628.08
2014,1,NY,3237.19
2014,1,OH,2590.68
2014,1,OR,1626.29
2014,1,PA,3162.32
2014,1,RI,873.14
2014,1,SC,316.36
2014,1,TN,902.72
2014,1,TX,14819.19
2014,1,US-Total,816253.85
2014,1,UT,106.84
2014,1,VT,1334.34
2014,1,WA,31.0
2014,2,AZ,188991.18
2014,2,CA,435554.99
2014,2,CO,17709.88
2014,2,CT,659.21
2014,2,DE,3287.93
2014,2,FL,15411.14
2014,2,GA,7958.53
2014,2,HI,1940.58
2014,2,IL,3350.61
2014,2,IN,6235.55
2014,2,MA,16185.72
2014,2,MD,6275.1
2014,2,MN,224.13
2014,2,NC,42805.28
2014,2,NJ,35822.68
2014,2,NM,27453.96
2014,2,NV,54169.03
2014,2,NY,4545.84
2014,2,OH,3221.95
2014,2,OR,1769.72
2014,2,PA,4252.6
2014,2,RI,909.71
2014,2,SC,329.6
2014,2,TN,1323.7
2014,2,TX,13979.5
2014,2,US-Total,896035.78
2014,2,UT,134.77
2014,2,VT,1502.91
2014,2,WA,30.0
2014,3,AZ,269443.17
2014,3,CA,729313.22
2014,3,CO,23981.66
2014,3,CT,1017.58
2014,3,DE,5074.43
2014,3,FL,21125.99
2014,3,GA,11454.11
2014,3,HI,3170.89
2014,3,IL,5265.41
2014,3,IN,11305.68
2014,3,MA,25345.68
2014,3,MD,9521.18
2014,3,MN,345.98
2014,3,MO,569.85
2014,3,NC,68091.5
2014,3,NJ,56957.58
2014,3,NM,39360.38
2014,3,NV,78185.4
2014,3,NY,6736.24
2014,3,OH,5171.01
2014,3,OR,2616.66
2014,3,PA,7021.89
2014,3,RI,1404.26
2014,3,SC,508.79
2014,3,TN,2233.32
2014,3,TX,24425.73
2014,3,US-Total,1412239.6
2014,3,UT,213.09
2014,3,VT,2308.91
2014,3,WA,70.0
2014,4,AZ,288518.97
2014,4,CA,877334.7
2014,4,CO,24641.58
2014,4,CT,1135.06
2014,4,DE,5836.24
2014,4,FL,20821.79
2014,4,GA,12474.73
2014,4,HI,3712.62
2014,4,IL,6137.36
2014,4,IN,13313.12
2014,4,MA,32885.95
2014,4,MD,11070.69
2014,4,MN,385.92
2014,4,MO,635.63
2014,4,NC,80696.91
2014,4,NJ,66082.94
2014,4,NM,43442.78
2014,4,NV,83415.35
2014,4,NY,8104.25
2014,4,OH,6064.37
2014,4,OR,2953.47
2014,4,PA,8324.5
2014,4,RI,1566.38
2014,4,SC,567.53
2014,4,TN,2677.35
2014,4,TX,27609.68
2014,4,US-Total,1633377.28
2014,4,UT,249.0
2014,4,VT,2629.41
2014,4,WA,89.0
2014,5,AZ,333585.72
2014,5,CA,1005613.6
2014,5,CO,27421.94
2014,5,CT,1268.34
2014,5,DE,6470.65
2014,5,FL,26713.54
2014,5,GA,13988.46
2014,5,HI,4082.53
2014,5,IL,6773.47
2014,5,IN,14852.53
2014,5,MA,43089.1
2014,5,MD,12564.18
2014,5,MN,431.23
2014,5,MO,710.27
2014,5,NC,90424.93
2014,5,NJ,72960.4
2014,5,NM,53167.7
2014,5,NV,97266.6
2014,5,NY,8111.84
2014,5,OH,6673.54
2014,5,OR,3300.17
2014,5,PA,9119.94
2014,5,RI,1750.3
2014,5,SC,634.17
2014,5,TN,2921.37
2014,5,TX,28467.21
2014,5,US-Total,1875659.71
2014,5,UT,274.53
2014,5,VT,2923.49
2014,5,WA,98.0
2014,6,AZ,337895.63
2014,6,CA,1092433.79
2014,6,CO,29930.02
2014,6,CT,1340.19
2014,6,DE,7070.63
2014,6,FL,23695.12
2014,6,GA,13880.96
2014,6,HI,4716.15
2014,6,IL,7598.42
2014,6,IN,18244.94
2014,6,MA,51105.99
2014,6,MD,13485.96
2014,6,MN,455.66
2014,6,MO,2063.88
2014,6,NC,103113.15
2014,6,NJ,83397.17
2014,6,NM,66654.62
2014,6,NV,109594.23
2014,6,NY,8850.99
2014,6,OH,7635.98
2014,6,OR,3422.72
2014,6,PA,10731.1
2014,6,RI,1849.46
2014,6,SC,670.09
2014,6,TN,3517.35
2014,6,TX,29366.15
2014,6,US-Total,2036272.64
2014,6,UT,310.0
2014,6,VT,3150.31
2014,6,WA,92.0
2014,7,AZ,310769.87
2014,7,CA,990472.6
2014,7,CO,25876.57
2014,7,CT,1203.72
2014,7,DE,6176.37
2014,7,FL,23189.52
2014,7,GA,12991.16
2014,7,HI,3941.32
2014,7,IL,6498.38
2014,7,IN,16285.26
2014,7,MA,46236.23
2014,7,MD,12193.54
2014,7,MN,409.26
2014,7,MO,1853.72
2014,7,NC,92950.69
2014,7,NJ,72919.61
2014,7,NM,59184.64
2014,7,NV,96519.05
2014,7,NY,8425.87
2014,7,OH,6428.67
2014,7,OR,3118.49
2014,7,PA,8836.35
2014,7,RI,1661.13
2014,7,SC,601.86
2014,7,TN,2844.08
2014,7,TX,29773.35
2014,7,US-Total,1844481.49
2014,7,UT,263.73
2014,7,VT,2783.47
2014,7,WA,73.0
2014,8,AZ,290980.45
2014,8,CA,1064335.87
2014,8,CO,28437.94
2014,8,CT,1178.53
2014,8,DE,5994.62
2014,8,FL,24227.6
2014,8,GA,13004.86
2014,8,HI,6555.43
2014,8,IL,6240.9
2014,8,IN,16537.45
2014,8,MA,45897.1
2014,8,MD,11861.05
2014,8,MN,400.7
2014,8,MO,1814.94
2014,8,NC,92398.59
2014,8,NJ,69878.2
2014,8,NM,58819.99
2014,8,NV,103011.93
2014,8,NY,8180.26
2014,8,OH,6115.95
2014,8,OR,3094.71
2014,8,PA,8297.22
2014,8,RI,1626.38
2014,8,SC,589.27
2014,8,TN,2642.88
2014,8,TX,38936.28
2014,8,US-Total,1914066.6
2014,8,UT,252.53
2014,8,VT,2713.98
2014,8,WA,41.0
2014,9,AZ,287424.35
2014,9,CA,1045279.46
2014,9,CO,23904.04
2014,9,CT,1212.08
2014,9,DE,5541.41
2014,9,FL,21358.01
2014,9,GA,11595.06
2014,9,HI,6484.11
2014,9,IL,5678.35
2014,9,IN,16880.71
2014,9,MA,50164.38
2014,9,MD,10842.36
2014,9,MN,412.11
2014,9,MO,1866.61
2014,9,NC,99447.49
2014,9,NJ,67504.13
2014,9,NM,52783.66
2014,9,NV,104281.64
2014,9,NY,7017.3
2014,9,OH,5651.29
2014,9,OR,2821.83
2014,9,PA,7741.35
2014,9,RI,1672.68
2014,9,SC,606.04
2014,9,TN,2453.25
2014,9,TX,27266.18
2014,9,US-Total,1871264.66
2014,9,UT,230.18
2014,9,VT,3062.62
2014,9,WA,82.0
2014,10,AZ,263549.43
2014,10,CA,929166.91
2014,10,CO,21829.37
2014,10,CT,999.4
2014,10,DE,4534.55
2014,10,FL,26310.38
2014,10,GA,11298.57
2014,10,HI,5067.23
2014,10,IL,4417.6
2014,10,IN,13787.93
2014,10,MA,40625.64
2014,10,MD,8594.73
2014,10,MN,339.8
2014,10,MO,1539.08
2014,10,NC,84216.47
2014,10,NJ,51401.38
2014,10,NM,51585.65
2014,10,NV,104259.14
2014,10,NY,5122.91
2014,10,OH,4252.16
2014,10,OR,2577.97
2014,10,PA,5314.2
2014,10,RI,1379.18
2014,10,SC,499.7
2014,10,TN,1557.48
2014,10,TX,32074.28
2014,10,US-Total,1679503.74
2014,10,UT,176.09
2014,10,VT,2978.52
2014,10,WA,48.0
2014,11,AZ,201240.08
2014,11,CA,768633.86
2014,11,CO,16932.75
2014,11,CT,778.16
2014,11,DE,3564.21
2014,11,FL,13695.91
2014,11,GA,8728.86
2014,11,HI,4180.79
2014,11,IL,3661.54
2014,11,IN,10843.38
2014,11,MA,32248.17
2014,11,MD,6856.79
2014,11,MN,264.58
2014,11,MO,1198.37
2014,11,NC,71130.52
2014,11,NJ,44786.61
2014,11,NM,36854.21
2014,11,NV,85791.28
2014,11,NY,4770.12
2014,11,OH,3807.74
2014,11,OR,1805.51
2014,11,PA,5018.1
2014,11,RI,1073.87
2014,11,SC,389.08
2014,11,TN,4053.3
2014,11,TX,22641.63
2014,11,US-Total,1357452.86
2014,11,UT,148.53
2014,11,VT,2309.94
2014,11,WA,45.0
2014,12,AZ,143447.77
2014,12,CA,564701.04
2014,12,CO,11724.51
2014,12,CT,513.3
2014,12,DE,2242.77
2014,12,FL,14212.53
2014,12,GA,6417.68
2014,12,HI,2566.15
2014,12,IL,2163.31
2014,12,IN,8735.48
2014,12,MA,20711.88
2014,12,MD,4207.81
2014,12,MN,174.52
2014,12,MO,790.48
2014,12,NC,58349.28
2014,12,NJ,26392.3
2014,12,NM,27718.32
2014,12,NV,59499.89
2014,12,NY,2923.69
2014,12,OH,2192.59
2014,12,OR,1278.21
2014,12,PA,2604.6
2014,12,RI,708.36
2014,12,SC,256.65
2014,12,TN,4000.7
2014,12,TX,14695.25
2014,12,US-Total,984845.9
2014,12,UT,86.18
2014,12,VT,1500.67
2014,12,WA,30.0
2015,1,AZ,152850
2015,1,CA,680347
2015,1,CO,11846
2015,1,CT,828
2015,1,DE,2498
2015,1,FL,11645
2015,1,GA,7721
2015,1,HI,2254
2015,1,IL,2317
2015,1,IN,7081
2015,1,MA,19960
2015,1,MD,4708
2015,1,MN,129
2015,1,MO,646
2015,1,NC,63260
2015,1,NJ,34037
2015,1,NM,32574
2015,1,NV,82070
2015,1,NY,4738
2015,1,OH,2656
2015,1,OR,1156
2015,1,PA,3498
2015,1,RI,641
2015,1,SC,222
2015,1,TN,3615
2015,1,TX,19569
2015,1,US-Total,1155351
2015,1,UT,108
2015,1,VT,2280
2015,1,WA,29
2015,1,WI,67
2015,2,AZ,213116
2015,2,CA,893179
2015,2,CO,16870
2015,2,CT,1064
2015,2,DE,2049
2015,2,FL,6764
2015,2,GA,8586
2015,2,HI,2897
2015,2,IL,2978
2015,2,IN,9100
2015,2,KS,116
2015,2,MA,25651
2015,2,MD,7067
2015,2,MN,165
2015,2,MO,830
2015,2,NC,51879
2015,2,NJ,37978
2015,2,NM,44972
2015,2,NV,115628
2015,2,NY,5266
2015,2,OH,3413
2015,2,OR,1457
2015,2,PA,3883
2015,2,RI,822
2015,2,SC,182
2015,2,TN,4646
2015,2,TX,19782
2015,2,US-Total,1483554
2015,2,UT,151
2015,2,VT,2930
2015,2,WA,46
2015,2,WI,86
2015,3,AZ,287200
2015,3,CA,1256467
2015,3,CO,23860
2015,3,CT,1519
2015,3,DE,3730
2015,3,FL,18955
2015,3,GA,9417
2015,3,HI,4135
2015,3,IL,4252
2015,3,IN,12990
2015,3,KS,165
2015,3,MA,37675
2015,3,MD,6681
2015,3,MN,236
2015,3,MO,1185
2015,3,NC,95329
2015,3,NJ,48824
2015,3,NM,52698
2015,3,NV,149565
2015,3,NY,6859
2015,3,OH,4872
2015,3,OR,2135
2015,3,PA,4973
2015,3,RI,1168
2015,3,SC,331
2015,3,TN,6633
2015,3,TX,25265
2015,3,US-Total,2072257
2015,3,UT,760
2015,3,VT,4183
2015,3,WA,72
2015,3,WI,123
2015,4,AZ,350940
2015,4,CA,1419383
2015,4,CO,23820
2015,4,CT,1729
2015,4,DE,4240
2015,4,FL,20595
2015,4,GA,10172
2015,4,HI,4707
2015,4,IL,4840
2015,4,IN,14787
2015,4,KS,188
2015,4,MA,42885
2015,4,MD,10889
2015,4,MI,102
2015,4,MN,269
2015,4,MO,1349
2015,4,NC,110327
2015,4,NJ,62519
2015,4,NM,61811
2015,4,NV,168250
2015,4,NY,9380
2015,4,OH,5546
2015,4,OR,2396
2015,4,PA,6401
2015,4,RI,1329
2015,4,SC,376
2015,4,TN,7550
2015,4,TX,26446
2015,4,US-Total,2379118
2015,4,UT,899
2015,4,VT,4761
2015,4,WA,92
2015,4,WI,141
2015,5,AZ,361792
2015,5,CA,1464232
2015,5,CO,22078
2015,5,CT,1736
2015,5,DE,6017
2015,5,FL,29189
2015,5,GA,13417
2015,5,HI,4725
2015,5,IL,4858
2015,5,IN,14843
2015,5,KS,189
2015,5,MA,44571
2015,5,MD,13804
2015,5,MI,102
2015,5,MN,270
2015,5,MO,1354
2015,5,NC,159804
2015,5,NJ,71384
2015,5,NM,65129
2015,5,NV,156742
2015,5,NY,11122
2015,5,OH,5567
2015,5,OR,2409
2015,5,PA,7338
2015,5,RI,1341
2015,5,SC,520
2015,5,TN,7579
2015,5,TX,26144
2015,5,US-Total,2504149
2015,5,UT,880
2015,5,VT,4780
2015,5,WA,93
2015,5,WI,141
2015,6,AZ,359569
2015,6,CA,1515096
2015,6,CO,25521
2015,6,CT,1798
2015,6,DE,5609
2015,6,FL,28174
2015,6,GA,12331
2015,6,HI,4895
2015,6,IL,5033
2015,6,IN,15500
2015,6,KS,196
2015,6,MA,46162
2015,6,MD,11019
2015,6,MI,106
2015,6,MN,280
2015,6,MO,1887
2015,6,NC,150787
2015,6,NJ,59872
2015,6,NM,61061
2015,6,NV,171830
2015,6,NY,9836
2015,6,OH,5768
2015,6,OR,2482
2015,6,PA,6069
2015,6,RI,1378
2015,6,SC,485
2015,6,TN,7852
2015,6,TX,40892
2015,6,US-Total,2557598
2015,6,UT,917
2015,6,VT,4952
2015,6,WA,98
2015,6,WI,146
2015,7,AZ,344952
2015,7,CA,1580634
2015,7,CO,21043
2015,7,CT,1821
2015,7,DE,6009
2015,7,FL,29885
2015,7,GA,12799
2015,7,HI,4957
2015,7,IL,5097
2015,7,IN,15854
2015,7,KS,198
2015,7,MA,48146
2015,7,MD,13067
2015,7,MI,107
2015,7,MN,283
2015,7,MO,1911
2015,7,NC,166682
2015,7,NJ,66672
2015,7,NM,58206
2015,7,NV,159353
2015,7,NY,10823
2015,7,OH,5841
2015,7,OR,2569
2015,7,PA,6784
2015,7,RI,1553
2015,7,SC,519
2015,7,TN,7951
2015,7,TX,46706
2015,7,US-Total,2627064
2015,7,UT,1377
2015,7,VT,5015
2015,7,WA,102
2015,7,WI,148
2015,8,AZ,369551
2015,8,CA,1611991
2015,8,CO,24287
2015,8,CT,1856
2015,8,DE,5358
2015,8,FL,27648
2015,8,GA,11501
2015,8,HI,6904
2015,8,IL,5342
2015,8,IN,16811
2015,8,KS,202
2015,8,MA,49047
2015,8,MD,14964
2015,8,MI,109
2015,8,MN,289
2015,8,MO,1948
2015,8,NC,156282
2015,8,NJ,72266
2015,8,NM,60059
2015,8,NV,156679
2015,8,NY,11393
2015,8,OH,5954
2015,8,OK,209
2015,8,OR,2600
2015,8,PA,7376
2015,8,RI,1578
2015,8,SC,463
2015,8,TN,8105
2015,8,TX,49606
2015,8,US-Total,2687553
2015,8,UT,1827
2015,8,VT,5111
2015,8,WA,89
2015,8,WI,151
2015,9,AZ,299610
2015,9,CA,1335612
2015,9,CO,22529
2015,9,CT,1536
2015,9,DE,3661
2015,9,FL,16999
2015,9,GA,9497
2015,9,HI,5713
2015,9,IL,4421
2015,9,IN,14269
2015,9,KS,167
2015,9,MA,40570
2015,9,MD,12576
2015,9,MI,201
2015,9,MN,239
2015,9,MO,1748
2015,9,NC,108513
2015,9,NJ,60884
2015,9,NM,52443
2015,9,NV,144764
2015,9,NY,9716
2015,9,OH,4966
2015,9,OK,483
2015,9,OR,2145
2015,9,PA,6163
2015,9,RI,1302
2015,9,SC,316
2015,9,TN,6707
2015,9,TX,42517
2015,9,US-Total,2217124
2015,9,UT,2452
2015,9,VT,4230
2015,9,WA,51
2015,9,WI,125
2015,10,AZ,266814
2015,10,CA,1130985
2015,10,CO,17923
2015,10,CT,1311
2015,10,DE,3289
2015,10,FL,15258
2015,10,GA,9033
2015,10,HI,4877
2015,10,IL,3774
2015,10,IN,12409
2015,10,KS,143
2015,10,MA,35079
2015,10,MD,10405
2015,10,MI,171
2015,10,MN,204
2015,10,MO,1492
2015,10,NC,99509
2015,10,NJ,53142
2015,10,NM,44131
2015,10,NV,127820
2015,10,NY,9512
2015,10,OH,4239
2015,10,OK,337
2015,10,OR,1807
2015,10,PA,5384
2015,10,RI,1111
2015,10,SC,284
2015,10,TN,5726
2015,10,TX,36447
2015,10,US-Total,1909580
2015,10,UT,3188
2015,10,VT,3611
2015,10,WA,56
2015,10,WI,107
2015,11,AZ,246125
2015,11,CA,1050187
2015,11,CO,17846
2015,11,CT,1202
2015,11,DE,2421
2015,11,FL,11029
2015,11,GA,7997
2015,11,HI,4469
2015,11,IL,3458
2015,11,IN,12032
2015,11,KS,131
2015,11,MA,32458
2015,11,MD,8472
2015,11,MI,157
2015,11,MN,187
2015,11,MO,1367
2015,11,NC,75756
2015,11,NJ,38473
2015,11,NM,40462
2015,11,NV,123345
2015,11,NY,7106
2015,11,OH,3885
2015,11,OK,280
2015,11,OR,1674
2015,11,PA,3869
2015,11,RI,1151
2015,11,SC,209
2015,11,TN,5246
2015,11,TX,22275
2015,11,US-Total,1729661
2015,11,UT,2944
2015,11,VT,3309
2015,11,WA,43
2015,11,WI,98
2015,12,AR,927
2015,12,AZ,204088
2015,12,CA,876271
2015,12,CO,23748
2015,12,CT,1039
2015,12,DE,3629
2015,12,FL,7792
2015,12,GA,16981
2015,12,HI,3864
2015,12,IL,2990
2015,12,IN,10422
2015,12,KS,113
2015,12,MA,29161
2015,12,MD,5148
2015,12,MI,136
2015,12,MN,239
2015,12,MO,1182
2015,12,NC,135452
2015,12,NJ,21840
2015,12,NM,41332
2015,12,NV,101361
2015,12,NY,4776
2015,12,OH,3364
2015,12,OK,247
2015,12,OR,1378
2015,12,PA,2156
2015,12,RI,977
2015,12,SC,314
2015,12,TN,4537
2015,12,TX,45111
2015,12,US-Total,1569895
2015,12,UT,16356
2015,12,VT,2861
2015,12,WA,19
2015,12,WI,84
2016,1,AR,1473
2016,1,AZ,214251
2016,1,CA,715504
2016,1,CO,18580
2016,1,CT,770
2016,1,DE,2019
2016,1,FL,8996
2016,1,GA,25158
2016,1,HI,3312
2016,1,IL,1944
2016,1,IN,8597
2016,1,KS,84
2016,1,MA,23218
2016,1,MD,8680
2016,1,MI,180
2016,1,MN,235
2016,1,MO,973
2016,1,NC,168432
2016,1,NJ,50878
2016,1,NM,33424
2016,1,NV,117484
2016,1,NY,7678
2016,1,OH,2496
2016,1,OK,297
2016,1,OR,1200
2016,1,PA,4613
2016,1,RI,584
2016,1,SC,185
2016,1,TN,3125
2016,1,TX,43733
2016,1,US-Total,1485802
2016,1,UT,15412
2016,1,VT,2213
2016,1,WA,21
2016,1,WI,52
2016,2,AR,1811
2016,2,AZ,264515
2016,2,CA,1194776
2016,2,CO,26931
2016,2,CT,1541
2016,2,DE,2466
2016,2,FL,15544
2016,2,GA,33730
2016,2,HI,6626
2016,2,IL,3889
2016,2,IN,17199
2016,2,KS,167
2016,2,MA,46939
2016,2,MD,11233
2016,2,MI,360
2016,2,MN,471
2016,2,MO,1946
2016,2,NC,175091
2016,2,NJ,44947
2016,2,NM,40625
2016,2,NV,242889
2016,2,NY,6745
2016,2,OH,4993
2016,2,OK,465
2016,2,OR,2202
2016,2,PA,4209
2016,2,RI,1168
2016,2,SC,226
2016,2,TN,6251
2016,2,TX,53808
2016,2,US-Total,2241563
2016,2,UT,23220
2016,2,VT,4428
2016,2,WA,48
2016,2,WI,103
2016,3,AR,1725
2016,3,AZ,311602
2016,3,CA,1315974
2016,3,CO,33031
2016,3,CT,1340
2016,3,DE,3694
2016,3,FL,18026
2016,3,GA,42919
2016,3,HI,5762
2016,3,IL,3382
2016,3,IN,14957
2016,3,KS,146
2016,3,MA,40826
2016,3,MD,15880
2016,3,MI,313
2016,3,MN,545
2016,3,MO,1692
2016,3,NC,347735
2016,3,NJ,72937
2016,3,NM,50522
2016,3,NV,220184
2016,3,NY,11116
2016,3,OH,4342
2016,3,OK,517
2016,3,OR,2431
2016,3,PA,6796
2016,3,RI,1016
2016,3,SC,339
2016,3,TN,5436
2016,3,TX,51077
2016,3,US-Total,2617452
2016,3,UT,26988
2016,3,VA,202
2016,3,VT,3851
2016,3,WA,62
2016,3,WI,90
2016,4,AR,1923
2016,4,AZ,336118
2016,4,CA,1544960
2016,4,CO,32810
2016,4,CT,1751
2016,4,DE,3870
2016,4,FL,27838
2016,4,GA,48336
2016,4,HI,6472
2016,4,IL,3798
2016,4,IN,16799
2016,4,KS,164
2016,4,MA,46602
2016,4,MD,18953
2016,4,MI,699
2016,4,MN,612
2016,4,MO,1901
2016,4,NC,300016
2016,4,NJ,81522
2016,4,NM,51203
2016,4,NV,232978
2016,4,NY,12235
2016,4,OH,4877
2016,4,OK,510
2016,4,OR,2832
2016,4,PA,7492
2016,4,RI,1141
2016,4,SC,355
2016,4,TN,6106
2016,4,TX,52591
2016,4,US-Total,2879682
2016,4,UT,27477
2016,4,VA,233
2016,4,VT,4325
2016,4,WA,82
2016,4,WI,101
2016,5,AR,1787
2016,5,AZ,409521
2016,5,CA,1923957
2016,5,CO,40908
2016,5,CT,2162
2016,5,DE,4168
2016,5,FL,33493
2016,5,GA,59471
2016,5,HI,7990
2016,5,IL,4689
2016,5,IN,20739
2016,5,KS,202
2016,5,KY,0
2016,5,MA,58154
2016,5,MD,19185
2016,5,MI,863
2016,5,MN,755
2016,5,MO,2771
2016,5,NC,265044
2016,5,NJ,73621
2016,5,NM,56441
2016,5,NV,296616
2016,5,NY,10834
2016,5,OH,6021
2016,5,OK,527
2016,5,OR,3520
2016,5,PA,6629
2016,5,RI,1409
2016,5,SC,382
2016,5,TN,7538
2016,5,TX,49016
2016,5,US-Total,3425183
2016,5,UT,50690
2016,5,VA,251
2016,5,VT,5616
2016,5,WA,90
2016,5,WI,125
2016,6,AR,2376
2016,6,AZ,396452
2016,6,CA,1850860
2016,6,CO,43035
2016,6,CT,2147
2016,6,DE,4121
2016,6,FL,24298
2016,6,GA,57371
2016,6,HI,7934
2016,6,IL,4656
2016,6,IN,20593
2016,6,KS,201
2016,6,KY,2235
2016,6,MA,57742
2016,6,MD,23937
2016,6,MI,857
2016,6,MN,750
2016,6,MO,3182
2016,6,NC,319859
2016,6,NE,596
2016,6,NJ,94401
2016,6,NM,51529
2016,6,NV,299000
2016,6,NY,16052
2016,6,OH,6410
2016,6,OK,557
2016,6,OR,3376
2016,6,PA,8537
2016,6,RI,1399
2016,6,SC,378
2016,6,TN,7485
2016,6,TX,65186
2016,6,US-Total,3473498
2016,6,UT,89942
2016,6,VA,248
2016,6,VT,5576
2016,6,WA,95
2016,6,WI,124
2016,7,AR,2587
2016,7,AZ,410883
2016,7,CA,2166831
2016,7,CO,44959
2016,7,CT,2974
2016,7,DE,4290
2016,7,FL,19405
2016,7,GA,65653
2016,7,HI,10220
2016,7,IL,5362
2016,7,IN,23717
2016,7,KS,231
2016,7,KY,1969
2016,7,MA,66481
2016,7,MD,24099
2016,7,MI,987
2016,7,MN,864
2016,7,MO,3724
2016,7,NC,336051
2016,7,NE,686
2016,7,NJ,90282
2016,7,NM,54472
2016,7,NV,335148
2016,7,NY,15116
2016,7,OH,7383
2016,7,OK,587
2016,7,OR,4063
2016,7,PA,8071
2016,7,RI,1611
2016,7,SC,394
2016,7,TN,8620
2016,7,TX,71000
2016,7,US-Total,3944793
2016,7,UT,148881
2016,7,VA,258
2016,7,VT,6422
2016,7,WA,95
2016,7,WI,421
2016,8,AR,2102
2016,8,AZ,330637
2016,8,CA,2145115
2016,8,CO,35725
2016,8,CT,2896
2016,8,DE,5278
2016,8,FL,19995
2016,8,GA,81897
2016,8,HI,9954
2016,8,ID,5686
2016,8,IL,5223
2016,8,IN,24066
2016,8,KS,225
2016,8,KY,1948
2016,8,MA,65248
2016,8,MD,24620
2016,8,MI,1083
2016,8,MN,1007
2016,8,MO,4091
2016,8,NC,447551
2016,8,NE,668
2016,8,NJ,87675
2016,8,NM,68430
2016,8,NV,327705
2016,8,NY,15124
2016,8,OH,7191
2016,8,OK,472
2016,8,OR,4007
2016,8,PA,7836
2016,8,RI,1569
2016,8,SC,484
2016,8,TN,8396
2016,8,TX,57818
2016,8,US-Total,3969186
2016,8,UT,160270
2016,8,VA,317
2016,8,VT,6375
2016,8,WA,93
2016,8,WI,410
2016,9,AL,467
2016,9,AR,2818
2016,9,AZ,305795
2016,9,CA,1911435
2016,9,CO,77977
2016,9,CT,2699
2016,9,DE,5042
2016,9,FL,17709
2016,9,GA,96946
2016,9,HI,9275
2016,9,ID,8571
2016,9,IL,4866
2016,9,IN,24060
2016,9,KS,210
2016,9,KY,1912
2016,9,MA,61986
2016,9,MD,19870
2016,9,MI,1009
2016,9,MN,938
2016,9,MO,3841
2016,9,NC,327667
2016,9,NE,623
2016,9,NJ,66497
2016,9,NM,81777
2016,9,NV,319396
2016,9,NY,11323
2016,9,OH,6700
2016,9,OK,484
2016,9,OR,4562
2016,9,PA,5890
2016,9,RI,1462
2016,9,SC,463
2016,9,SD,112
2016,9,TN,7823
2016,9,TX,77879
2016,9,US-Total,3635069
2016,9,UT,158326
2016,9,VA,303
2016,9,VT,5940
2016,9,WA,34
2016,9,WI,382
2016,10,AL,10809
2016,10,AR,2823
2016,10,AZ,301738
2016,10,CA,1608773
2016,10,CO,76221
2016,10,CT,2367
2016,10,DE,5119
2016,10,FL,12941
2016,10,GA,115081
2016,10,HI,8135
2016,10,ID,5430
2016,10,IL,4268
2016,10,IN,21270
2016,10,KS,184
2016,10,KY,1619
2016,10,MA,54684
2016,10,MD,18750
2016,10,MI,885
2016,10,MN,823
2016,10,MO,3307
2016,10,NC,253627
2016,10,NE,546
2016,10,NJ,67486
2016,10,NM,99610
2016,10,NV,267481
2016,10,NY,11180
2016,10,OH,5877
2016,10,OK,448
2016,10,OR,4106
2016,10,PA,5774
2016,10,RI,1282
2016,10,SC,470
2016,10,SD,98
2016,10,TN,6862
2016,10,TX,78053
2016,10,US-Total,3191224
2016,10,UT,126626
2016,10,VA,649
2016,10,VT,5450
2016,10,WA,37
2016,10,WI,335
2016,11,AL,13138
2016,11,AR,2345
2016,11,AZ,243191
2016,11,CA,1389057
2016,11,CO,56134
2016,11,CT,2072
2016,11,DE,5281
2016,11,FL,14755
2016,11,GA,121406
2016,11,HI,7122
2016,11,IA,84
2016,11,ID,4004
2016,11,IL,3737
2016,11,IN,18621
2016,11,KS,161
2016,11,KY,1224
2016,11,MA,48199
2016,11,MD,13887
2016,11,MI,1110
2016,11,MN,720
2016,11,MO,2854
2016,11,NC,182287
2016,11,NE,478
2016,11,NJ,60526
2016,11,NM,89105
2016,11,NV,257672
2016,11,NY,9816
2016,11,OH,5145
2016,11,OK,327
2016,11,OR,4994
2016,11,PA,5186
2016,11,RI,1123
2016,11,SC,485
2016,11,SD,86
2016,11,TN,6007
2016,11,TX,64927
2016,11,US-Total,2767144
2016,11,UT,115413
2016,11,VA,9292
2016,11,VT,4847
2016,11,WA,36
2016,11,WI,293
2016,12,AL,6847
2016,12,AR,2372
2016,12,AZ,241122
2016,12,CA,1039471
2016,12,CO,51800
2016,12,CT,1798
2016,12,DE,5737
2016,12,FL,10983
2016,12,GA,132955
2016,12,HI,5710
2016,12,IA,67
2016,12,ID,6110
2016,12,IL,2996
2016,12,IN,15223
2016,12,KS,129
2016,12,KY,825
2016,12,MA,39201
2016,12,MD,9561
2016,12,MI,890
2016,12,MN,2388
2016,12,MO,2401
2016,12,MS,0
2016,12,NC,297769
2016,12,NE,383
2016,12,NJ,44108
2016,12,NM,74699
2016,12,NV,207507
2016,12,NY,12391
2016,12,OH,4125
2016,12,OK,245
2016,12,OR,3642
2016,12,PA,3772
2016,12,RI,900
2016,12,SC,809
2016,12,SD,69
2016,12,TN,4966
2016,12,TX,65724
2016,12,US-Total,2423523
2016,12,UT,110415
2016,12,VA,9155
2016,12,VT,3988
2016,12,WA,34
2016,12,WI,235
2017,1,AL,6857
2017,1,AR,1415
2017,1,AZ,234203
2017,1,CA,972200
2017,1,CO,44996
2017,1,CT,1558
2017,1,DE,2927
2017,1,FL,47769
2017,1,GA,133501
2017,1,HI,8454
2017,1,IA,151
2017,1,ID,9029
2017,1,IL,1626
2017,1,IN,8027
2017,1,KS,100
2017,1,KY,511
2017,1,LA,113
2017,1,MA,29724
2017,1,MD,14544
2017,1,ME,207
2017,1,MI,404
2017,1,MN,19382
2017,1,MO,1813
2017,1,MS,214
2017,1,NC,264625
2017,1,NE,382
2017,1,NJ,34405
2017,1,NM,56826
2017,1,NV,188931
2017,1,NY,6822
2017,1,OH,3072
2017,1,OK,298
2017,1,OR,7251
2017,1,PA,2695
2017,1,RI,585
2017,1,SC,1701
2017,1,SD,75
2017,1,TN,4069
2017,1,TX,88310
2017,1,US-Total,2323986
2017,1,UT,104755
2017,1,VA,15117
2017,1,VT,4098
2017,1,WA,19
2017,1,WI,225
2017,2,AL,7957
2017,2,AR,1585
2017,2,AZ,276692
2017,2,CA,1086875
2017,2,CO,51896
2017,2,CT,2641
2017,2,DE,3573
2017,2,FL,53392
2017,2,GA,147911
2017,2,HI,9018
2017,2,IA,267
2017,2,ID,10204
2017,2,IL,3705
2017,2,IN,18970
2017,2,KS,241
2017,2,KY,1146
2017,2,LA,133
2017,2,MA,48069
2017,2,MD,19112
2017,2,ME,337
2017,2,MI,1103
2017,2,MN,35670
2017,2,MO,2968
2017,2,MS,248
2017,2,NC,334645
2017,2,NE,646
2017,2,NJ,63077
2017,2,NM,66327
2017,2,NV,201692
2017,2,NY,12239
2017,2,OH,7137
2017,2,OK,332
2017,2,OR,8099
2017,2,PA,4940
2017,2,RI,953
2017,2,SC,2077
2017,2,SD,132
2017,2,TN,4722
2017,2,TX,113035
2017,2,US-Total,2751199
2017,2,UT,121321
2017,2,VA,18594
2017,2,VT,6677
2017,2,WA,0
2017,2,WI,839
2017,3,AL,13298
2017,3,AR,2695
2017,3,AZ,474957
2017,3,CA,2034888
2017,3,CO,87596
2017,3,CT,3622
2017,3,DE,4399
2017,3,FL,67495
2017,3,GA,159720
2017,3,HI,14857
2017,3,IA,359
2017,3,ID,37543
2017,3,IL,4222
2017,3,IN,22167
2017,3,KS,310
2017,3,KY,1527
2017,3,LA,215
2017,3,MA,67021
2017,3,MD,23704
2017,3,ME,463
2017,3,MI,1444
2017,3,MN,48856
2017,3,MO,4095
2017,3,MS,414
2017,3,NC,423319
2017,3,NE,746
2017,3,NJ,81406
2017,3,NM,111161
2017,3,NV,349764
2017,3,NY,15755
2017,3,OH,8283
2017,3,OK,1759
2017,3,OR,15102
2017,3,PA,6281
2017,3,RI,1309
2017,3,SC,2557
2017,3,SD,178
2017,3,TN,7891
2017,3,TX,174757
2017,3,US-Total,4514085
2017,3,UT,205045
2017,3,VA,22757
2017,3,VT,9167
2017,3,WA,0
2017,3,WI,980
2017,4,AL,16103
2017,4,AR,3017
2017,4,AZ,516737
2017,4,CA,2157503
2017,4,CO,96690
2017,4,CT,3846
2017,4,DE,4941
2017,4,FL,67420
2017,4,GA,198112
2017,4,HI,14470
2017,4,IA,353
2017,4,ID,49854
2017,4,IL,3899
2017,4,IN,22445
2017,4,KS,354
2017,4,KY,1694
2017,4,LA,230
2017,4,MA,72687
2017,4,MD,25969
2017,4,ME,488
2017,4,MI,1819
2017,4,MN,48176
2017,4,MO,4228
2017,4,MS,443
2017,4,MT,1466
2017,4,NC,477126
2017,4,NE,825
2017,4,NJ,84819
2017,4,NM,122249
2017,4,NV,385726
2017,4,NY,16417
2017,4,OH,8840
2017,4,OK,2763
2017,4,OR,15911
2017,4,PA,6545
2017,4,RI,1380
2017,4,SC,2785
2017,4,SD,175
2017,4,TN,8435
2017,4,TX,198900
2017,4,US-Total,4906678
2017,4,UT,225246
2017,4,VA,24939
2017,4,VT,9667
2017,4,WA,0
2017,4,WI,986
2017,5,AL,18849
2017,5,AR,3425
2017,5,AZ,545008
2017,5,CA,2726447
2017,5,CO,104837
2017,5,CT,3827
2017,5,DE,5402
2017,5,FL,73922
2017,5,GA,224764
2017,5,HI,18513
2017,5,IA,465
2017,5,ID,51608
2017,5,IL,5526
2017,5,IN,30317
2017,5,KS,393
2017,5,KY,1930
2017,5,LA,268
2017,5,MA,73859
2017,5,MD,27526
2017,5,ME,484
2017,5,MI,5527
2017,5,MN,63439
2017,5,MO,5407
2017,5,MS,1420
2017,5,MT,1575
2017,5,NC,533571
2017,5,NE,1937
2017,5,NJ,91453
2017,5,NM,130896
2017,5,NV,430657
2017,5,NY,18136
2017,5,OH,11548
2017,5,OK,4267
2017,5,OR,20006
2017,5,PA,7056
2017,5,RI,1370
2017,5,SC,3613
2017,5,SD,230
2017,5,TN,9874
2017,5,TX,240270
2017,5,US-Total,5785027
2017,5,UT,245735
2017,5,VA,27784
2017,5,VT,9594
2017,5,WA,22
2017,5,WI,2273
2017,6,AL,19966
2017,6,AR,3287
2017,6,AZ,612740
2017,6,CA,2969895
2017,6,CO,114220
2017,6,CT,4652
2017,6,DE,4620
2017,6,FL,61022
2017,6,GA,182713
2017,6,HI,18522
2017,6,IA,547
2017,6,ID,60725
2017,6,IL,6580
2017,6,IN,34897
2017,6,KS,478
2017,6,KY,2165
2017,6,LA,280
2017,6,MA,90641
2017,6,MD,25893
2017,6,ME,582
2017,6,MI,10547
2017,6,MN,74425
2017,6,MO,6541
2017,6,MS,2715
2017,6,MT,1717
2017,6,NC,481645
2017,6,NE,2185
2017,6,NJ,108426
2017,6,NM,141115
2017,6,NV,447084
2017,6,NY,20959
2017,6,OH,13200
2017,6,OK,4073
2017,6,OR,21681
2017,6,PA,8047
2017,6,RI,1645
2017,6,SC,6047
2017,6,SD,271
2017,6,TN,10459
2017,6,TX,230965
2017,6,US-Total,6115379
2017,6,UT,267943
2017,6,VA,24437
2017,6,VT,11524
2017,6,WA,82
2017,6,WI,3221
2017,7,AL,19196
2017,7,AR,3460
2017,7,AZ,378668
2017,7,CA,2715064
2017,7,CO,84369
2017,7,CT,4516
2017,7,DE,5156
2017,7,FL,67479
2017,7,GA,213532
2017,7,HI,17809
2017,7,IA,597
2017,7,ID,54153
2017,7,IL,6137
2017,7,IN,33247
2017,7,KS,852
2017,7,KY,2049
2017,7,LA,253
2017,7,MA,91201
2017,7,MD,27689
2017,7,ME,569
2017,7,MI,11220
2017,7,MN,85227
2017,7,MO,7657
2017,7,MS,13910
2017,7,MT,1251
2017,7,NC,536527
2017,7,NE,2221
2017,7,NJ,106051
2017,7,NM,106196
2017,7,NV,407516
2017,7,NY,20709
2017,7,OH,12545
2017,7,OK,4250
2017,7,OR,19762
2017,7,PA,7874
2017,7,RI,1609
2017,7,SC,7538
2017,7,SD,296
2017,7,TN,9209
2017,7,TX,242254
2017,7,US-Total,5569106
2017,7,UT,195678
2017,7,VA,29177
2017,7,VT,11269
2017,7,WA,100
2017,7,WI,3066
2017,8,AL,18459
2017,8,AR,2556
2017,8,AZ,466077
2017,8,CA,2511213
2017,8,CO,91533
2017,8,CT,4540
2017,8,DE,4655
2017,8,FL,71544
2017,8,GA,187531
2017,8,HI,18097
2017,8,IA,433
2017,8,ID,51602
2017,8,IL,5741
2017,8,IN,30905
2017,8,KS,659
2017,8,KY,1746
2017,8,LA,242
2017,8,MA,92518
2017,8,MD,25531
2017,8,ME,564
2017,8,MI,9775
2017,8,MN,63469
2017,8,MO,5894
2017,8,MS,10986
2017,8,MT,1375
2017,8,NC,479891
2017,8,NE,1755
2017,8,NJ,106842
2017,8,NM,114071
2017,8,NV,433319
2017,8,NY,20952
2017,8,OH,11785
2017,8,OK,3792
2017,8,OR,18263
2017,8,PA,7871
2017,8,RI,1595
2017,8,SC,10840
2017,8,SD,214
2017,8,TN,8855
2017,8,TX,218334
2017,8,US-Total,5368537
2017,8,UT,212090
2017,8,VA,26312
2017,8,VT,11175
2017,8,WA,88
2017,8,WI,2848
2017,9,AL,17305
2017,9,AR,3206
2017,9,AZ,479463
2017,9,CA,2347265
2017,9,CO,86978
2017,9,CT,3637
2017,9,DE,4470
2017,9,FL,72297
2017,9,GA,179357
2017,9,HI,16147
2017,9,IA,660
2017,9,ID,46074
2017,9,IL,5864
2017,9,IN,31037
2017,9,KS,708
2017,9,KY,1863
2017,9,LA,226
2017,9,MA,76792
2017,9,MD,24080
2017,9,ME,617
2017,9,MI,9118
2017,9,MN,59517
2017,9,MO,5956
2017,9,MS,13188
2017,9,MT,2009
2017,9,NC,473401
2017,9,NE,1490
2017,9,NJ,91424
2017,9,NM,108516
2017,9,NV,398840
2017,9,NY,17926
2017,9,OH,11634
2017,9,OK,3140
2017,9,OR,17054
2017,9,PA,6713
2017,9,RI,1288
2017,9,SC,10410
2017,9,SD,194
2017,9,TN,8301
2017,9,TX,182399
2017,9,US-Total,5059441
2017,9,UT,201713
2017,9,VA,25255
2017,9,VT,9023
2017,9,WA,67
2017,9,WI,2817
2017,10,AL,16010
2017,10,AR,2744
2017,10,AZ,446224
2017,10,CA,2165019
2017,10,CO,84166
2017,10,CT,3312
2017,10,DE,3893
2017,10,FL,66651
2017,10,GA,140934
2017,10,HI,15347
2017,10,IA,481
2017,10,ID,43016
2017,10,IL,3360
2017,10,IN,18498
2017,10,KS,558
2017,10,KY,1611
2017,10,LA,205
2017,10,MA,68089
2017,10,MD,20989
2017,10,ME,545
2017,10,MI,6132
2017,10,MN,45006
2017,10,MO,4560
2017,10,MS,14397
2017,10,MT,1911
2017,10,NC,423414
2017,10,NE,1160
2017,10,NJ,58211
2017,10,NM,104141
2017,10,NV,390772
2017,10,NY,11495
2017,10,OH,6923
2017,10,OK,3405
2017,10,OR,22557
2017,10,PA,4265
2017,10,RI,1138
2017,10,SC,9065
2017,10,SD,141
2017,10,TN,9102
2017,10,TX,200813
2017,10,US-Total,4649673
2017,10,UT,193695
2017,10,VA,26007
2017,10,VT,7970
2017,10,WA,66
2017,10,WI,1676
2017,11,AL,10452
2017,11,AR,1718
2017,11,AZ,265579
2017,11,CA,1335286
2017,11,CO,55184
2017,11,CT,2170
2017,11,DE,3438
2017,11,FL,98834
2017,11,GA,131145
2017,11,HI,12307
2017,11,IA,299
2017,11,ID,24580
2017,11,IL,2907
2017,11,IN,15216
2017,11,KS,342
2017,11,KY,1809
2017,11,LA,137
2017,11,MA,43514
2017,11,MD,17712
2017,11,ME,335
2017,11,MI,3983
2017,11,MN,28870
2017,11,MO,3948
2017,11,MS,14234
2017,11,MT,1206
2017,11,NC,372317
2017,11,NE,738
2017,11,NJ,60194
2017,11,NM,67322
2017,11,NV,262018
2017,11,NY,12444
2017,11,OH,5711
2017,11,OK,2450
2017,11,OR,13901
2017,11,PA,4425
2017,11,RI,699
2017,11,SC,8007
2017,11,SD,85
2017,11,TN,5942
2017,11,TX,151697
2017,11,US-Total,3208749
2017,11,UT,123270
2017,11,VA,35897
2017,11,VT,4984
2017,11,WA,24
2017,11,WI,1419
2017,12,AL,16237
2017,12,AR,1703
2017,12,AZ,245654
2017,12,CA,1331261
2017,12,CO,52034
2017,12,CT,1545
2017,12,DE,2811
2017,12,FL,128601
2017,12,GA,87052
2017,12,HI,11477
2017,12,IA,227
2017,12,ID,20956
2017,12,IL,2580
2017,12,IN,11949
2017,12,KS,285
2017,12,KY,1834
2017,12,LA,121
2017,12,MA,34358
2017,12,MD,14343
2017,12,ME,245
2017,12,MI,2233
2017,12,MN,24087
2017,12,MO,3122
2017,12,MS,13754
2017,12,MT,1123
2017,12,NC,313637
2017,12,NE,1174
2017,12,NJ,39688
2017,12,NM,63820
2017,12,NV,249548
2017,12,NY,8949
2017,12,OH,4501
2017,12,OK,2052
2017,12,OR,14464
2017,12,PA,2905
2017,12,RI,512
2017,12,SC,14883
2017,12,SD,64
2017,12,TN,5484
2017,12,TX,147393
2017,12,US-Total,3035005
2017,12,UT,114613
2017,12,VA,36945
2017,12,VT,3652
2017,12,WA,13
2017,12,WI,1115
2018,1,AL,19880
2018,1,AR,13348
2018,1,AZ,286101
2018,1,CA,1242347
2018,1,CO,55027
2018,1,CT,1543
2018,1,DE,3266
2018,1,FL,155006
2018,1,GA,136401
2018,1,HI,13388
2018,1,IA,553
2018,1,ID,25824
2018,1,IL,3344
2018,1,IN,11629
2018,1,KS,392
2018,1,KY,2134
2018,1,LA,114
2018,1,MA,46386
2018,1,MD,17584
2018,1,ME,442
2018,1,MI,3202
2018,1,MN,44075
2018,1,MO,4942
2018,1,MS,20078
2018,1,MT,1764
2018,1,NC,401962
2018,1,NE,1321
2018,1,NJ,56892
2018,1,NM,68114
2018,1,NV,222130
2018,1,NY,13789
2018,1,OH,4518
2018,1,OK,3006
2018,1,OR,21375
2018,1,PA,3653
2018,1,RI,1008
2018,1,SC,31444
2018,1,SD,81
2018,1,TN,8968
2018,1,TX,203524
2018,1,US-Total,3318975
2018,1,UT,115223
2018,1,VA,47622
2018,1,VT,3969
2018,1,WA,2
2018,1,WI,1605
2018,2,AL,17206
2018,2,AR,9412
2018,2,AZ,305704
2018,2,CA,1750561
2018,2,CO,64952
2018,2,CT,2912
2018,2,DE,3151
2018,2,FL,168909
2018,2,GA,108497
2018,2,HI,11928
2018,2,IA,660
2018,2,ID,32348
2018,2,IL,2826
2018,2,IN,10249
2018,2,KS,453
2018,2,KY,1920
2018,2,LA,106
2018,2,MA,50923
2018,2,MD,16765
2018,2,ME,717
2018,2,MI,3524
2018,2,MN,54742
2018,2,MO,4316
2018,2,MS,15980
2018,2,MT,2075
2018,2,NC,356418
2018,2,NE,1546
2018,2,NJ,53532
2018,2,NM,80598
2018,2,NV,285773
2018,2,NY,12869
2018,2,OH,4208
2018,2,OK,4381
2018,2,OR,30566
2018,2,PA,3395
2018,2,RI,1633
2018,2,SC,29765
2018,2,SD,96
2018,2,TN,7487
2018,2,TX,194784
2018,2,US-Total,3896414
2018,2,UT,136373
2018,2,VA,44333
2018,2,VT,6338
2018,2,WA,4
2018,2,WI,1477
2018,3,AL,32133
2018,3,AR,20081
2018,3,AZ,395458
2018,3,CA,2004977
2018,3,CO,84652
2018,3,CT,8327
2018,3,DE,4662
2018,3,FL,246392
2018,3,GA,164833
2018,3,HI,13532
2018,3,IA,1092
2018,3,ID,43745
2018,3,IL,6357
2018,3,IN,29251
2018,3,KS,747
2018,3,KY,3452
2018,3,LA,145
2018,3,MA,82476
2018,3,MD,29194
2018,3,ME,1154
2018,3,MI,10672
2018,3,MN,95581
2018,3,MO,6050
2018,3,MS,29858
2018,3,MT,2683
2018,3,NC,514184
2018,3,NE,2474
2018,3,NJ,88607
2018,3,NM,105166
2018,3,NV,366504
2018,3,NY,21692
2018,3,OH,11906
2018,3,OK,6084
2018,3,OR,38953
2018,3,PA,5696
2018,3,RI,2628
2018,3,SC,47695
2018,3,SD,159
2018,3,TN,13952
2018,3,TX,254377
2018,3,US-Total,5056238
2018,3,UT,175807
2018,3,VA,68886
2018,3,VT,10120
2018,3,WA,27
2018,3,WI,3815
2018,4,AL,37076
2018,4,AR,19519
2018,4,AZ,475373
2018,4,CA,2509418
2018,4,CO,100715
2018,4,CT,9159
2018,4,DE,5056
2018,4,FL,238649
2018,4,GA,202303
2018,4,HI,15337
2018,4,IA,1320
2018,4,ID,53335
2018,4,IL,6719
2018,4,IN,33523
2018,4,KS,883
2018,4,KY,4097
2018,4,LA,142
2018,4,MA,92263
2018,4,MD,41805
2018,4,ME,1271
2018,4,MI,12565
2018,4,MN,117866
2018,4,MO,7589
2018,4,MS,33708
2018,4,MT,3252
2018,4,NC,631739
2018,4,NE,3000
2018,4,NJ,88860
2018,4,NM,128517
2018,4,NV,455148
2018,4,NY,23161
2018,4,OH,13627
2018,4,OK,6034
2018,4,OR,49694
2018,4,PA,5668
2018,4,RI,2895
2018,4,SC,51679
2018,4,SD,193
2018,4,TN,15931
2018,4,TX,250186
2018,4,US-Total,6056727
2018,4,UT,212907
2018,4,VA,78893
2018,4,VT,11173
2018,4,WA,78
2018,4,WI,4402
2018,5,AL,39492
2018,5,AR,22611
2018,5,AZ,597721
2018,5,CA,3024196
2018,5,CO,116221
2018,5,CT,10579
2018,5,DE,4303
2018,5,FL,186325
2018,5,GA,194396
2018,5,HI,17901
2018,5,IA,1386
2018,5,ID,62261
2018,5,IL,7496
2018,5,IN,34437
2018,5,KS,923
2018,5,KY,4586
2018,5,LA,144
2018,5,MA,116133
2018,5,MD,39107
2018,5,ME,1482
2018,5,MI,13017
2018,5,MN,124713
2018,5,MO,8662
2018,5,MS,37388
2018,5,MT,3747
2018,5,NC,629031
2018,5,NE,3240
2018,5,NJ,104036
2018,5,NM,150198
2018,5,NV,483117
2018,5,NY,27028
2018,5,OH,14008
2018,5,OK,6196
2018,5,OR,60857
2018,5,PA,6562
2018,5,RI,3374
2018,5,SC,47725
2018,5,SD,202
2018,5,TN,17366
2018,5,TX,293634
2018,5,US-Total,6849012
2018,5,UT,243974
2018,5,VA,71611
2018,5,VT,13005
2018,5,WA,76
2018,5,WI,4543
2018,6,AL,39966
2018,6,AR,22503
2018,6,AZ,591471
2018,6,CA,3252541
2018,6,CO,124937
2018,6,CT,10832
2018,6,DE,4886
2018,6,FL,209388
2018,6,GA,216206
2018,6,HI,19501
2018,6,IA,1270
2018,6,ID,68502
2018,6,IL,7437
2018,6,IN,33372
2018,6,KS,903
2018,6,KY,4527
2018,6,LA,162
2018,6,MA,114141
2018,6,MD,42073
2018,6,ME,1499
2018,6,MI,14083
2018,6,MN,115933
2018,6,MO,10712
2018,6,MS,34787
2018,6,MT,4027
2018,6,NC,677289
2018,6,NE,3099
2018,6,NJ,116868
2018,6,NM,159113
2018,6,NV,569022
2018,6,NY,31489
2018,6,OH,13578
2018,6,OK,6865
2018,6,OR,66877
2018,6,PA,7289
2018,6,RI,3414
2018,6,SC,53310
2018,6,SD,185
2018,6,TN,16895
2018,6,TX,380082
2018,6,US-Total,7414667
2018,6,UT,265681
2018,6,VA,80021
2018,6,VT,13185
2018,6,WA,80
2018,6,WI,4668
2018,7,AL,39304
2018,7,AR,21610
2018,7,AZ,528993
2018,7,CA,2814141
2018,7,CO,109281
2018,7,CT,9643
2018,7,DE,4943
2018,7,FL,208350
2018,7,GA,205526
2018,7,HI,17915
2018,7,IA,1548
2018,7,ID,64464
2018,7,IL,7996
2018,7,IN,37631
2018,7,KS,913
2018,7,KY,4478
2018,7,LA,157
2018,7,MA,134124
2018,7,MD,42019
2018,7,ME,1379
2018,7,MI,17752
2018,7,MN,143890
2018,7,MO,10826
2018,7,MS,33605
2018,7,MT,3510
2018,7,NC,642599
2018,7,NE,3696
2018,7,NJ,123931
2018,7,NM,139440
2018,7,NV,485637
2018,7,NY,42091
2018,7,OH,15284
2018,7,OK,6634
2018,7,OR,65411
2018,7,PA,7758
2018,7,RI,3140
2018,7,SC,48050
2018,7,SD,226
2018,7,TN,19071
2018,7,TX,365391
2018,7,US-Total,6754876
2018,7,UT,228660
2018,7,VA,76524
2018,7,VT,12121
2018,7,WA,69
2018,7,WI,5149
2018,8,AL,36694
2018,8,AR,21605
2018,8,AZ,536397
2018,8,CA,2836681
2018,8,CO,109466
2018,8,CT,7946
2018,8,DE,5040
2018,8,FL,210296
2018,8,GA,203058
2018,8,HI,17608
2018,8,IA,1203
2018,8,ID,56890
2018,8,IL,7236
2018,8,IN,32467
2018,8,KS,814
2018,8,KY,4069
2018,8,LA,151
2018,8,MA,109897
2018,8,MD,45026
2018,8,ME,1133
2018,8,MI,14948
2018,8,MN,112005
2018,8,MO,9521
2018,8,MS,32353
2018,8,MT,3504
2018,8,NC,657949
2018,8,NE,2850
2018,8,NJ,109744
2018,8,NM,138906
2018,8,NV,491651
2018,8,NY,36983
2018,8,OH,13172
2018,8,OK,6241
2018,8,OR,66564
2018,8,PA,6744
2018,8,RI,2581
2018,8,SC,53218
2018,8,SD,176
2018,8,TN,18324
2018,8,TX,352475
2018,8,US-Total,6695408
2018,8,UT,229152
2018,8,VA,78095
2018,8,VT,10033
2018,8,WA,46
2018,8,WI,4495
2018,9,AL,32558
2018,9,AR,16117
2018,9,AZ,512433
2018,9,CA,2688737
2018,9,CO,104772
2018,9,CT,5615
2018,9,DE,4122
2018,9,FL,203211
2018,9,GA,188174
2018,9,HI,16450
2018,9,IA,990
2018,9,ID,55285
2018,9,IL,6109
2018,9,IN,27152
2018,9,KS,669
2018,9,KY,3211
2018,9,LA,115
2018,9,MA,69248
2018,9,MD,34018
2018,9,ME,788
2018,9,MI,12365
2018,9,MN,93152
2018,9,MO,9111
2018,9,MS,26911
2018,9,MT,3368
2018,9,NC,439847
2018,9,NE,2306
2018,9,NJ,74141
2018,9,NM,132559
2018,9,NV,472023
2018,9,NY,24812
2018,9,OH,11539
2018,9,OK,4674
2018,9,OR,64085
2018,9,PA,4715
2018,9,RI,1794
2018,9,SC,38080
2018,9,SD,145
2018,9,TN,15708
2018,9,TX,267647
2018,9,US-Total,5960901
2018,9,UT,220355
2018,9,VA,60926
2018,9,VT,7051
2018,9,WA,44
2018,9,WI,3771
2018,10,AL,29827
2018,10,AR,14600
2018,10,AZ,369505
2018,10,CA,2123527
2018,10,CO,77689
2018,10,CT,6313
2018,10,DE,4348
2018,10,FL,228032
2018,10,GA,173688
2018,10,HI,15662
2018,10,IA,725
2018,10,ID,40459
2018,10,IL,4967
2018,10,IN,20521
2018,10,KS,497
2018,10,KY,3306
2018,10,LA,98
2018,10,MA,66671
2018,10,MD,37254
2018,10,ME,848
2018,10,MI,8765
2018,10,MN,69573
2018,10,MO,7631
2018,10,MS,28498
2018,10,MT,2512
2018,10,NC,482751
2018,10,NE,1718
2018,10,NJ,68670
2018,10,NM,99738
2018,10,NV,371240
2018,10,NY,23298
2018,10,OH,8782
2018,10,OK,3972
2018,10,OR,48026
2018,10,PA,4354
2018,10,RI,2504
2018,10,SC,46242
2018,10,SD,106
2018,10,TN,15448
2018,10,TX,216690
2018,10,US-Total,4969691
2018,10,UT,163233
2018,10,VA,66855
2018,10,VT,7631
2018,10,WA,33
2018,10,WI,2882
2018,11,AL,17276
2018,11,AR,11756
2018,11,AZ,321459
2018,11,CA,1505470
2018,11,CO,64621
2018,11,CT,4688
2018,11,DE,3163
2018,11,FL,181410
2018,11,GA,108919
2018,11,HI,13017
2018,11,IA,403
2018,11,ID,31492
2018,11,IL,2722
2018,11,IN,9353
2018,11,KS,334
2018,11,KY,1939
2018,11,LA,103
2018,11,MA,40268
2018,11,MD,28449
2018,11,ME,617
2018,11,MI,3466
2018,11,MN,38359
2018,11,MO,7261
2018,11,MS,17181
2018,11,MT,2070
2018,11,NC,368886
2018,11,NE,1024
2018,11,NJ,54085
2018,11,NM,84586
2018,11,NV,291153
2018,11,NY,18265
2018,11,OH,3949
2018,11,OK,4215
2018,11,OR,33240
2018,11,PA,3386
2018,11,RI,1824
2018,11,SC,30052
2018,11,SD,59
2018,11,TN,9382
2018,11,TX,232702
2018,11,US-Total,3742765
2018,11,UT,135043
2018,11,VA,47481
2018,11,VT,5559
2018,11,WA,695
2018,11,WI,1380
2018,12,AL,15839
2018,12,AR,10251
2018,12,AZ,219763
2018,12,CA,1232581
2018,12,CO,50047
2018,12,CT,27998
2018,12,DE,2849
2018,12,FL,176096
2018,12,GA,93835
2018,12,HI,12338
2018,12,IA,304
2018,12,ID,21360
2018,12,IL,2841
2018,12,IN,11132
2018,12,KS,199
2018,12,KY,1717
2018,12,LA,80
2018,12,MA,55781
2018,12,MD,23427
2018,12,ME,701
2018,12,MI,3794
2018,12,MN,32131
2018,12,MO,4610
2018,12,MS,15505
2018,12,MT,1499
2018,12,NC,307723
2018,12,NE,838
2018,12,NJ,51056
2018,12,NM,61640
2018,12,NV,225498
2018,12,NY,21996
2018,12,OH,4482
2018,12,OK,3324
2018,12,OR,26049
2018,12,PA,3256
2018,12,RI,2070
2018,12,SC,33233
2018,12,SD,44
2018,12,TN,9063
2018,12,TX,194155
2018,12,US-Total,3109640
2018,12,UT,97299
2018,12,VA,41824
2018,12,VT,6553
2018,12,WA,541
2018,12,WI,1495
2018,12,WY,824
2019,1,AL,19392
2019,1,AR,10885
2019,1,AZ,280253
2019,1,CA,1264973
2019,1,CO,61617
2019,1,CT,7490
2019,1,DC,436
2019,1,DE,3289
2019,1,FL,237039
2019,1,GA,131045
2019,1,HI,13212
2019,1,IA,543
2019,1,ID,26739
2019,1,IL,2717
2019,1,IN,13072
2019,1,KS,296
2019,1,KY,2075
2019,1,LA,87
2019,1,MA,61583
2019,1,MD,27450
2019,1,ME,383
2019,1,MI,5349
2019,1,MN,50054
2019,1,MO,4374
2019,1,MS,19242
2019,1,MT,1529
2019,1,NC,409549
2019,1,NE,1316
2019,1,NJ,62667
2019,1,NM,69256
2019,1,NV,242340
2019,1,NY,25111
2019,1,OH,5369
2019,1,OK,3381
2019,1,OR,29715
2019,1,PA,4550
2019,1,RI,2769
2019,1,SC,43535
2019,1,SD,79
2019,1,TN,10750
2019,1,TX,240747
2019,1,US-Total,3580208
2019,1,UT,111749
2019,1,VA,54150
2019,1,VT,7779
2019,1,WA,2007
2019,1,WI,1416
2019,1,WY,6850
2019,2,AL,17747
2019,2,AR,9094
2019,2,AZ,276477
2019,2,CA,1492538
2019,2,CO,66708
2019,2,CT,8610
2019,2,DC,429
2019,2,DE,3239
2019,2,FL,251760
2019,2,GA,97752
2019,2,HI,14076
2019,2,IA,342
2019,2,ID,27780
2019,2,IL,3481
2019,2,IN,20069
2019,2,KS,216
2019,2,KY,2090
2019,2,LA,86
2019,2,MA,72020
2019,2,MD,28132
2019,2,ME,442
2019,2,MI,10779
2019,2,MN,30631
2019,2,MO,3214
2019,2,MS,16403
2019,2,MT,1611
2019,2,NC,397825
2019,2,NE,991
2019,2,NJ,75171
2019,2,NM,73368
2019,2,NV,265422
2019,2,NY,30958
2019,2,OH,8099
2019,2,OK,3338
2019,2,OR,32090
2019,2,PA,5445
2019,2,RI,3198
2019,2,SC,39385
2019,2,SD,50
2019,2,TN,12467
2019,2,TX,239392
2019,2,US-Total,3835773
2019,2,UT,118868
2019,2,VA,51223
2019,2,VT,8984
2019,2,WA,2318
2019,2,WI,2190
2019,2,WY,9267
2019,3,AL,33634
2019,3,AR,17489
2019,3,AZ,438951
2019,3,CA,2266452
2019,3,CO,97827
2019,3,CT,11888
2019,3,DC,666
2019,3,DE,5029
2019,3,FL,364883
2019,3,GA,193954
2019,3,HI,18251
2019,3,IA,991
2019,3,ID,46259
2019,3,IL,5587
2019,3,IN,28628
2019,3,KS,876
2019,3,KY,3856
2019,3,LA,107
2019,3,MA,101778
2019,3,MD,44230
2019,3,ME,621
2019,3,MI,13060
2019,3,MN,93576
2019,3,MO,8025
2019,3,MS,25749
2019,3,MT,2400
2019,3,NC,660615
2019,3,NE,2472
2019,3,NJ,105939
2019,3,NM,109082
2019,3,NV,390647
2019,3,NY,45515
2019,3,OH,11594
2019,3,OK,4268
2019,3,OR,55087
2019,3,PA,7674
2019,3,RI,4495
2019,3,SC,68289
2019,3,SD,144
2019,3,TN,27403
2019,3,TX,288568
2019,3,US-Total,5898626
2019,3,UT,174439
2019,3,VA,82765
2019,3,VT,12629
2019,3,WA,3546
2019,3,WI,3110
2019,3,WY,15581
2019,4,AL,39638
2019,4,AR,18318
2019,4,AZ,520419
2019,4,CA,2629147
2019,4,CO,114586
2019,4,CT,13174
2019,4,DC,700
2019,4,DE,5284
2019,4,FL,399158
2019,4,GA,205124
2019,4,HI,21659
2019,4,IA,1429
2019,4,ID,53445
2019,4,IL,5784
2019,4,IN,30027
2019,4,KS,1089
2019,4,KY,4504
2019,4,LA,154
2019,4,MA,111633
2019,4,MD,47317
2019,4,ME,681
2019,4,MI,13512
2019,4,MN,116434
2019,4,MO,9741
2019,4,MS,31343
2019,4,MT,2825
2019,4,NC,679844
2019,4,NE,3046
2019,4,NJ,100993
2019,4,NM,128010
2019,4,NV,438762
2019,4,NY,43091
2019,4,OH,12217
2019,4,OK,6058
2019,4,OR,63439
2019,4,PA,7288
2019,4,RI,4926
2019,4,SC,70032
2019,4,SD,178
2019,4,TN,32518
2019,4,TX,427908
2019,4,US-Total,6752276
2019,4,UT,205320
2019,4,VA,94030
2019,4,VT,13841
2019,4,WA,4137
2019,4,WI,3254
2019,4,WY,16262
2019,5,AL,46400
2019,5,AR,20206
2019,5,AZ,544857
2019,5,CA,2738557
2019,5,CO,123151
2019,5,CT,13301
2019,5,DC,1017
2019,5,DE,5699
2019,5,FL,405635
2019,5,GA,242243
2019,5,HI,22410
2019,5,IA,1784
2019,5,ID,58403
2019,5,IL,5965
2019,5,IN,30943
2019,5,KS,1414
2019,5,KY,5024
2019,5,LA,145
2019,5,MA,112945
2019,5,MD,51457
2019,5,ME,687
2019,5,MI,13892
2019,5,MN,147980
2019,5,MO,11717
2019,5,MS,34819
2019,5,MT,3007
2019,5,NC,772203
2019,5,NE,3637
2019,5,NJ,110260
2019,5,NM,137139
2019,5,NV,461619
2019,5,NY,49107
2019,5,OH,12620
2019,5,OK,5707
2019,5,OR,68736
2019,5,PA,7965
2019,5,RI,4975
2019,5,SC,81471
2019,5,SD,222
2019,5,TN,39002
2019,5,TX,398453
2019,5,US-Total,7161897
2019,5,UT,219442
2019,5,VA,105091
2019,5,VT,13977
2019,5,WA,4342
2019,5,WI,3354
2019,5,WY,18920
2019,6,AL,40531
2019,6,AR,21499
2019,6,AZ,615789
2019,6,CA,3340219
2019,6,CO,138461
2019,6,CT,14736
2019,6,DC,903
2019,6,DE,5060
2019,6,FL,342601
2019,6,GA,208945
2019,6,HI,22464
2019,6,IA,2040
2019,6,ID,67609
2019,6,IL,6730
2019,6,IN,34925
2019,6,KS,1690
2019,6,KY,4750
2019,6,LA,169
2019,6,MA,124484
2019,6,MD,49500
2019,6,ME,758
2019,6,MI,15706
2019,6,MN,173258
2019,6,MO,13299
2019,6,MS,31749
2019,6,MT,3383
2019,6,NC,752653
2019,6,NE,4118
2019,6,NJ,125501
2019,6,NM,155511
2019,6,NV,506498
2019,6,NY,53545
2019,6,OH,14156
2019,6,OK,6725
2019,6,OR,83862
2019,6,PA,8682
2019,6,RI,5487
2019,6,SC,71260
2019,6,SD,254
2019,6,TN,35751
2019,6,TX,476719
2019,6,US-Total,7971093
2019,6,UT,248525
2019,6,VA,92855
2019,6,VT,15415
2019,6,WA,5245
2019,6,WI,3785
2019,6,WY,23288
2019,7,AL,42641
2019,7,AR,25242
2019,7,AZ,543947
2019,7,CA,3365618
2019,7,CO,134450
2019,7,CT,17512
2019,7,DC,962
2019,7,DE,5388
2019,7,FL,348368
2019,7,GA,216677
2019,7,HI,23373
2019,7,IA,2019
2019,7,ID,63979
2019,7,IL,8165
2019,7,IN,43437
2019,7,KS,1651
2019,7,KY,5101
2019,7,LA,177
2019,7,MA,149624
2019,7,MD,53740
2019,7,ME,908
2019,7,MI,18990
2019,7,MN,171976
2019,7,MO,13335
2019,7,MS,32629
2019,7,MT,3202
2019,7,NC,837835
2019,7,NE,4179
2019,7,NJ,141982
2019,7,NM,146557
2019,7,NV,510694
2019,7,NY,64526
2019,7,OH,20300
2019,7,OK,7090
2019,7,OR,81731
2019,7,PA,9730
2019,7,RI,6569
2019,7,SC,90582
2019,7,SD,251
2019,7,TN,36644
2019,7,TX,490725
2019,7,US-Total,8132641
2019,7,UT,236559
2019,7,VA,102012
2019,7,VT,18457
2019,7,WA,5176
2019,7,WI,4562
2019,7,WY,23366
2019,8,AL,38794
2019,8,AR,23907
2019,8,AZ,589798
2019,8,CA,3309140
2019,8,CO,136026
2019,8,CT,14596
2019,8,DC,876
2019,8,DE,4906
2019,8,FL,323705
2019,8,GA,199631
2019,8,HI,22741
2019,8,IA,1908
2019,8,ID,64415
2019,8,IL,7375
2019,8,IN,40243
2019,8,KS,1457
2019,8,KY,4853
2019,8,LA,167
2019,8,MA,123819
2019,8,MD,47423
2019,8,ME,751
2019,8,MI,18240
2019,8,MN,166115
2019,8,MO,12245
2019,8,MS,30058
2019,8,MT,3260
2019,8,NC,748654
2019,8,NE,3697
2019,8,NJ,127301
2019,8,NM,148152
2019,8,NV,522276
2019,8,NY,59585
2019,8,OH,18910
2019,8,OK,6573
2019,8,OR,79838
2019,8,PA,9174
2019,8,RI,5739
2019,8,SC,84632
2019,8,SD,237
2019,8,TN,35985
2019,8,TX,463501
2019,8,US-Total,7876554
2019,8,UT,238988
2019,8,VA,90043
2019,8,VT,15279
2019,8,WA,5068
2019,8,WI,4230
2019,8,WY,22244
2019,9,AL,40462
2019,9,AR,22143
2019,9,AZ,475867
2019,9,CA,2723292
2019,9,CO,113096
2019,9,CT,13782
2019,9,DC,897
2019,9,DE,5024
2019,9,FL,374657
2019,9,GA,197680
2019,9,HI,26330
2019,9,IA,1677
2019,9,ID,50547
2019,9,IL,5548
2019,9,IN,29125
2019,9,KS,953
2019,9,KY,4726
2019,9,LA,124
2019,9,MA,116686
2019,9,MD,46134
2019,9,ME,709
2019,9,MI,12408
2019,9,MN,110955
2019,9,MO,8939
2019,9,MS,31107
2019,9,MT,2691
2019,9,NC,683387
2019,9,NE,2922
2019,9,NJ,111119
2019,9,NM,126755
2019,9,NV,475556
2019,9,NY,52242
2019,9,OH,13761
2019,9,OK,4963
2019,9,OR,62618
2019,9,PA,7859
2019,9,RI,6385
2019,9,SC,84647
2019,9,SD,158
2019,9,TN,35843
2019,9,TX,395507
2019,9,US-Total,6817220
2019,9,UT,208960
2019,9,VA,87682
2019,9,VT,15942
2019,9,WA,4124
2019,9,WI,4316
2019,9,WY,16920
2019,10,AL,24590
2019,10,AR,16704
2019,10,AZ,490939
2019,10,CA,2494252
2019,10,CO,107897
2019,10,CT,9457
2019,10,DC,733
2019,10,DE,4108
2019,10,FL,317664
2019,10,GA,149775
2019,10,HI,29130
2019,10,IA,1266
2019,10,ID,48140
2019,10,IL,4629
2019,10,IN,24363
2019,10,KS,789
2019,10,KY,3225
2019,10,LA,111
2019,10,MA,81621
2019,10,MD,37747
2019,10,ME,479
2019,10,MI,10549
2019,10,MN,87498
2019,10,MO,6716
2019,10,MS,20323
2019,10,MT,2645
2019,10,NC,556016
2019,10,NE,2203
2019,10,NJ,79738
2019,10,NM,125747
2019,10,NV,457217
2019,10,NY,39048
2019,10,OH,11512
2019,10,OK,4428
2019,10,OR,57638
2019,10,PA,5635
2019,10,RI,4319
2019,10,SC,83575
2019,10,SD,119
2019,10,TN,23466
2019,10,TX,359915
2019,10,US-Total,6093466
2019,10,UT,205920
2019,10,VA,69716
2019,10,VT,10783
2019,10,WA,3793
2019,10,WI,3614
2019,10,WY,13716
2019,11,AL,24296
2019,11,AR,13609
2019,11,AZ,278359
2019,11,CA,1624998
2019,11,CO,69835
2019,11,CT,7663
2019,11,DC,656
2019,11,DE,3676
2019,11,FL,285864
2019,11,GA,155310
2019,11,HI,29890
2019,11,IA,770
2019,11,ID,30168
2019,11,IL,3127
2019,11,IN,14517
2019,11,KS,480
2019,11,KY,2888
2019,11,LA,86
2019,11,MA,65959
2019,11,MD,34043
2019,11,ME,387
2019,11,MI,5349
2019,11,MN,53263
2019,11,MO,4504
2019,11,MS,27153
2019,11,MT,1644
2019,11,NC,481003
2019,11,NE,1370
2019,11,NJ,76470
2019,11,NM,78865
2019,11,NV,316634
2019,11,NY,37450
2019,11,OH,6927
2019,11,OK,3427
2019,11,OR,36449
2019,11,PA,5400
2019,11,RI,3488
2019,11,SC,73789
2019,11,SD,73
2019,11,TN,21943
2019,11,TX,271750
2019,11,US-Total,4363993
2019,11,UT,127028
2019,11,VA,61790
2019,11,VT,8708
2019,11,WA,2424
2019,11,WI,2151
2019,11,WY,8357
2019,12,AL,16815
2019,12,AR,11236
2019,12,AZ,222362
2019,12,CA,1082327
2019,12,CO,54567
2019,12,CT,6245
2019,12,DC,554
2019,12,DE,3106
2019,12,FL,250113
2019,12,GA,162635
2019,12,HI,24603
2019,12,IA,669
2019,12,ID,19354
2019,12,IL,2855
2019,12,IN,13253
2019,12,KS,413
2019,12,KY,1905
2019,12,LA,94
2019,12,MA,41625
2019,12,MD,27138
2019,12,ME,244
2019,12,MI,5126
2019,12,MN,47094
2019,12,MO,3675
2019,12,MS,21765
2019,12,MT,1198
2019,12,NC,471753
2019,12,NE,1755
2019,12,NJ,47580
2019,12,NM,67459
2019,12,NV,222848
2019,12,NY,23462
2019,12,OH,6103
2019,12,OK,3666
2019,12,OR,25135
2019,12,PA,3382
2019,12,RI,2364
2019,12,SC,67349
2019,12,SD,63
2019,12,TN,14551
2019,12,TX,311940
2019,12,US-Total,3453075
2019,12,UT,90626
2019,12,VA,57753
2019,12,VT,5492
2019,12,WA,1547
2019,12,WI,1910
2019,12,WY,5367
2020,1,AL,18344
2020,1,AR,10807
2020,1,AZ,345355
2020,1,CA,1615443
2020,1,CO,75960
2020,1,CT,11551
2020,1,DC,849
2020,1,DE,3169
2020,1,FL,355933
2020,1,GA,182129
2020,1,HI,27362
2020,1,IA,1327
2020,1,ID,20385
2020,1,IL,2808
2020,1,IN,21295
2020,1,KS,1112
2020,1,KY,2402
2020,1,LA,2970
2020,1,MA,81623
2020,1,MD,32100
2020,1,ME,1651
2020,1,MI,7461
2020,1,MN,81114
2020,1,MO,5420
2020,1,MS,22826
2020,1,MT,940
2020,1,NC,484983
2020,1,NE,2740
2020,1,NJ,82538
2020,1,NM,91549
2020,1,NV,297778
2020,1,NY,56632
2020,1,OH,18756
2020,1,OK,3112
2020,1,OR,37216
2020,1,PA,8193
2020,1,RI,9575
2020,1,SC,77940
2020,1,SD,105
2020,1,TN,15806
2020,1,TX,327256
2020,1,US-Total,4657012
2020,1,UT,121020
2020,1,VA,69533
2020,1,VT,7615
2020,1,WA,957
2020,1,WI,3571
2020,1,WY,7801
2020,2,AL,20848
2020,2,AR,13815
2020,2,AZ,406124
2020,2,CA,2052176
2020,2,CO,86079
2020,2,CT,13765
2020,2,DC,1042
2020,2,DE,3772
2020,2,FL,398478
2020,2,GA,223667
2020,2,HI,33515
2020,2,IA,1591
2020,2,ID,35964
2020,2,IL,4092
2020,2,IN,24393
2020,2,KS,1405
2020,2,KY,2729
2020,2,LA,3639
2020,2,MA,97311
2020,2,MD,37470
2020,2,ME,2002
2020,2,MI,9723
2020,2,MN,109631
2020,2,MO,7030
2020,2,MS,26645
2020,2,MT,1617
2020,2,NC,556395
2020,2,NE,4110
2020,2,NJ,98146
2020,2,NM,105153
2020,2,NV,375397
2020,2,NY,70198
2020,2,OH,11862
2020,2,OK,3906
2020,2,OR,63181
2020,2,PA,9841
2020,2,RI,12785
2020,2,SC,89062
2020,2,SD,126
2020,2,TN,18868
2020,2,TX,396374
2020,2,US-Total,5706039
2020,2,UT,163099
2020,2,VA,78607
2020,2,VT,9541
2020,2,WA,2707
2020,2,WI,5181
2020,2,WY,12977
2020,3,AL,26336
2020,3,AR,14427
2020,3,AZ,452044
2020,3,CA,2171820
2020,3,CO,113861
2020,3,CT,18625
2020,3,DC,1418
2020,3,DE,4684
2020,3,FL,537148
2020,3,GA,280766
2020,3,HI,38034
2020,3,IA,1890
2020,3,ID,45914
2020,3,IL,4917
2020,3,IN,32212
2020,3,KS,1488
2020,3,KY,3505
2020,3,LA,4084
2020,3,MA,119253
2020,3,MD,46894
2020,3,ME,2315
2020,3,MI,12477
2020,3,MN,131993
2020,3,MO,8305
2020,3,MS,34229
2020,3,MT,2529
2020,3,NC,681027
2020,3,NE,4697
2020,3,NJ,120974
2020,3,NM,119042
2020,3,NV,368276
2020,3,NY,85019
2020,3,OH,13950
2020,3,OK,4318
2020,3,OR,73897
2020,3,PA,12271
2020,3,RI,15528
2020,3,SC,120013
2020,3,SD,147
2020,3,TN,22867
2020,3,TX,419829
2020,3,US-Total,6495507
2020,3,UT,180616
2020,3,VA,101389
2020,3,VT,15744
2020,3,WA,3979
2020,3,WI,5889
2020,3,WY,14867
2020,4,AL,39853
2020,4,AR,18932
2020,4,AZ,580472
2020,4,CA,2725471
2020,4,CO,149312
2020,4,CT,19637
2020,4,DC,1731
2020,4,DE,5613
2020,4,FL,573328
2020,4,GA,349523
2020,4,HI,48062
2020,4,IA,2321
2020,4,ID,60671
2020,4,IL,6825
2020,4,IN,38066
2020,4,KS,6586
2020,4,KY,4442
2020,4,LA,4987
2020,4,MA,146197
2020,4,MD,56050
2020,4,ME,2832
2020,4,MI,15568
2020,4,MN,164772
2020,4,MO,10095
2020,4,MS,44317
2020,4,MT,3568
2020,4,NC,872708
2020,4,NE,5932
2020,4,NJ,148344
2020,4,NM,154941
2020,4,NV,486141
2020,4,NY,102880
2020,4,OH,17594
2020,4,OK,4995
2020,4,OR,95961
2020,4,PA,14396
2020,4,RI,17863
2020,4,SC,151220
2020,4,SD,183
2020,4,TN,33583
2020,4,TX,534612
2020,4,US-Total,8125989
2020,4,UT,226503
2020,4,VA,128170
2020,4,VT,18519
2020,4,WA,4946
2020,4,WI,7521
2020,4,WY,19745
2020,5,AL,44177
2020,5,AR,24913
2020,5,AZ,656393
2020,5,CA,3411230
2020,5,CO,176399
2020,5,CT,25366
2020,5,DC,2052
2020,5,DE,6543
2020,5,FL,709294
2020,5,GA,414186
2020,5,HI,55369
2020,5,IA,2682
2020,5,ID,64930
2020,5,IL,7660
2020,5,IN,44475
2020,5,KS,7679
2020,5,KY,5011
2020,5,LA,5903
2020,5,MA,168429
2020,5,MD,65847
2020,5,ME,3309
2020,5,MI,17846
2020,5,MN,190199
2020,5,MO,10820
2020,5,MS,49460
2020,5,MT,3867
2020,5,NC,964373
2020,5,NE,6619
2020,5,NJ,171908
2020,5,NM,180095
2020,5,NV,546869
2020,5,NY,122441
2020,5,OH,21007
2020,5,OK,6123
2020,5,OR,109949
2020,5,PA,16934
2020,5,RI,21796
2020,5,SC,203077
2020,5,SD,213
2020,5,TN,38370
2020,5,TX,729480
2020,5,US-Total,9766817
2020,5,UT,249216
2020,5,VA,145661
2020,5,VT,23395
2020,5,WA,5254
2020,5,WI,8705
2020,5,WY,21292
2020,6,AL,40608
2020,6,AR,24113
2020,6,AZ,636918
2020,6,CA,3379198
2020,6,CO,169294
2020,6,CT,25231
2020,6,DC,1970
2020,6,DE,6929
2020,6,FL,643765
2020,6,GA,379297
2020,6,HI,53271
2020,6,IA,2599
2020,6,ID,61564
2020,6,IL,9125
2020,6,IN,46653
2020,6,KS,7891
2020,6,KY,5081
2020,6,LA,5669
2020,6,MA,167352
2020,6,MD,66544
2020,6,ME,3189
2020,6,MI,18941
2020,6,MN,191455
2020,6,MO,11643
2020,6,MS,45162
2020,6,MT,3845
2020,6,NC,940892
2020,6,NE,6752
2020,6,NJ,168885
2020,6,NM,186288
2020,6,NV,576697
2020,6,NY,119414
2020,6,OH,21433
2020,6,OK,6428
2020,6,OR,122951
2020,6,PA,16627
2020,6,RI,21306
2020,6,SC,186478
2020,6,SD,208
2020,6,TN,38959
2020,6,TX,741816
2020,6,US-Total,9641087
2020,6,UT,267403
2020,6,VA,155777
2020,6,VT,21938
2020,6,WA,5477
2020,6,WI,8274
2020,6,WY,19776
2020,7,AL,40838
2020,7,AR,24812
2020,7,AZ,658992
2020,7,CA,3645829
2020,7,CO,177090
2020,7,CT,25969
2020,7,DC,2125
2020,7,DE,7052
2020,7,FL,662752
2020,7,GA,413730
2020,7,HI,54478
2020,7,IA,2815
2020,7,ID,75164
2020,7,IL,9974
2020,7,IN,49292
2020,7,KS,7847
2020,7,KY,5486
2020,7,LA,6118
2020,7,MA,181057
2020,7,MD,69603
2020,7,ME,3450
2020,7,MI,19888
2020,7,MN,206774
2020,7,MO,12076
2020,7,MS,41939
2020,7,MT,4764
2020,7,NC,1034876
2020,7,NE,7213
2020,7,NJ,185587
2020,7,NM,192412
2020,7,NV,588913
2020,7,NY,129345
2020,7,OH,22773
2020,7,OK,9000
2020,7,OR,138471
2020,7,PA,17513
2020,7,RI,22352
2020,7,SC,215505
2020,7,SD,224
2020,7,TN,39466
2020,7,TX,963427
2020,7,US-Total,10477748
2020,7,UT,277456
2020,7,VA,173964
2020,7,VT,23493
2020,7,WA,6606
2020,7,WI,10273
2020,7,WY,8966
2020,8,AL,37793
2020,8,AR,23653
2020,8,AZ,590651
2020,8,CA,3143376
2020,8,CO,151395
2020,8,CT,23406
2020,8,DC,1913
2020,8,DE,5848
2020,8,FL,635830
2020,8,GA,417453
2020,8,HI,53902
2020,8,IA,2484
2020,8,ID,61130
2020,8,IL,10987
2020,8,IN,43365
2020,8,KS,7251
2020,8,KY,4750
2020,8,LA,5501
2020,8,MA,159749
2020,8,MD,59930
2020,8,ME,3077
2020,8,MI,16805
2020,8,MN,187684
2020,8,MO,11184
2020,8,MS,43464
2020,8,MT,3913
2020,8,NC,878509
2020,8,NE,6437
2020,8,NJ,162495
2020,8,NM,174565
2020,8,NV,538102
2020,8,NY,114120
2020,8,OH,20269
2020,8,OK,8937
2020,8,OR,121746
2020,8,PA,20211
2020,8,RI,19855
2020,8,SC,191680
2020,8,SD,195
2020,8,TN,34073
2020,8,TX,1059291
2020,8,US-Total,9507638
2020,8,UT,259011
2020,8,VA,137712
2020,8,VT,20668
2020,8,WA,5779
2020,8,WI,9367
2020,8,WY,18119
2020,9,AL,29693
2020,9,AR,27799
2020,9,AZ,514626
2020,9,CA,2541583
2020,9,CO,135830
2020,9,CT,20542
2020,9,DC,1563
2020,9,DE,5090
2020,9,FL,541095
2020,9,GA,347854
2020,9,HI,51050
2020,9,IA,2044
2020,9,ID,50681
2020,9,IL,8916
2020,9,IN,37892
2020,9,KS,5667
2020,9,KY,4053
2020,9,LA,8403
2020,9,MA,132645
2020,9,MD,50757
2020,9,ME,2523
2020,9,MI,14159
2020,9,MN,150806
2020,9,MO,9466
2020,9,MS,34425
2020,9,MT,3099
2020,9,NC,733854
2020,9,NE,5179
2020,9,NJ,135884
2020,9,NM,149656
2020,9,NV,465271
2020,9,NY,95908
2020,9,OH,16703
2020,9,OK,6651
2020,9,OR,98258
2020,9,PA,20995
2020,9,RI,18483
2020,9,SC,164103
2020,9,SD,161
2020,9,TN,28265
2020,9,TX,834791
2020,9,US-Total,7891262
2020,9,UT,218977
2020,9,VA,122906
2020,9,VT,16882
2020,9,WA,3965
2020,9,WI,7298
2020,9,WY,14810
2020,10,AL,27630
2020,10,AR,33473
2020,10,AZ,484422
2020,10,CA,2331029
2020,10,CO,113320
2020,10,CT,16365
2020,10,DC,1437
2020,10,DE,4433
2020,10,FL,523469
2020,10,GA,339758
2020,10,HI,42413
2020,10,IA,1903
2020,10,ID,42163
2020,10,IL,8290
2020,10,IN,38006
2020,10,KS,4672
2020,10,KY,3480
2020,10,LA,14037
2020,10,MA,123286
2020,10,MD,46124
2020,10,ME,2335
2020,10,MI,11998
2020,10,MN,138235
2020,10,MO,8276
2020,10,MS,36183
2020,10,MT,2086
2020,10,NC,706255
2020,10,NE,4596
2020,10,NJ,125967
2020,10,NM,139660
2020,10,NV,427460
2020,10,NY,88119
2020,10,OH,14710
2020,10,OK,5765
2020,10,OR,92152
2020,10,PA,18946
2020,10,RI,16498
2020,10,SC,158295
2020,10,SD,150
2020,10,TN,25505
2020,10,TX,730127
2020,10,US-Total,7345732
2020,10,UT,231495
2020,10,VA,125665
2020,10,VT,13792
2020,10,WA,3783
2020,10,WI,6488
2020,10,WY,11483
2020,11,AL,23321
2020,11,AR,31507
2020,11,AZ,358117
2020,11,CA,1869918
2020,11,CO,93676
2020,11,CT,13667
2020,11,DC,1134
2020,11,DE,3774
2020,11,FL,453538
2020,11,GA,281413
2020,11,HI,35874
2020,11,IA,1557
2020,11,ID,23504
2020,11,IL,7779
2020,11,IN,28980
2020,11,KS,3720
2020,11,KY,2979
2020,11,LA,11388
2020,11,MA,101351
2020,11,MD,40077
2020,11,ME,5302
2020,11,MI,9946
2020,11,MN,112717
2020,11,MO,7117
2020,11,MS,30263
2020,11,MT,1433
2020,11,NC,575831
2020,11,NE,3657
2020,11,NJ,104012
2020,11,NM,109068
2020,11,NV,316941
2020,11,NY,72501
2020,11,OH,12076
2020,11,OK,3954
2020,11,OR,64269
2020,11,PA,15535
2020,11,RI,15727
2020,11,SC,124894
2020,11,SD,120
2020,11,TN,21760
2020,11,TX,586883
2020,11,US-Total,5894932
2020,11,UT,161631
2020,11,VA,117366
2020,11,VT,10047
2020,11,WA,2103
2020,11,WI,13886
2020,11,WY,8621
2020,12,AL,20536
2020,12,AR,25285
2020,12,AZ,313463
2020,12,CA,1626596
2020,12,CO,72146
2020,12,CT,12618
2020,12,DC,963
2020,12,DE,3005
2020,12,FL,524315
2020,12,GA,271211
2020,12,HI,34891
2020,12,IA,1534
2020,12,ID,22409
2020,12,IL,11483
2020,12,IN,25339
2020,12,KS,3369
2020,12,KY,2249
2020,12,LA,9196
2020,12,MA,86683
2020,12,MD,32347
2020,12,ME,4199
2020,12,MI,14956
2020,12,MN,92486
2020,12,MO,6045
2020,12,MS,27068
2020,12,MT,1040
2020,12,NC,503333
2020,12,NE,3220
2020,12,NJ,86622
2020,12,NM,96827
2020,12,NV,277726
2020,12,NY,65140
2020,12,OH,9557
2020,12,OK,3764
2020,12,OR,57239
2020,12,PA,14395
2020,12,RI,13922
2020,12,SC,114157
2020,12,SD,101
2020,12,TN,17453
2020,12,TX,583252
2020,12,US-Total,5381053
2020,12,UT,139491
2020,12,VA,124357
2020,12,VT,7186
2020,12,WA,1269
2020,12,WI,9703
2020,12,WY,6907
